Date,Close,ticker,Close,ticker,Close,ticker,Close,ticker,Close,ticker,Close,ticker,Close,ticker,Close,ticker,Close,ticker,Close,ticker,Close,ticker,Close,ticker,Close,ticker,Close,ticker,Close,ticker,Close,ticker,Close,ticker,Close,ticker
2024-12-30,3435,404990,2585,396690,3370,400760,4425,395400,2945,377190,4255,365550,4085,357120,2470,357250,2755,348950,3830,350520,4390,334890,4050,338100,3050,330590,5640,293940,2525,204210,5640,088260,953,145270,3130,140910
2024-12-27,3465,404990,2575,396690,3360,400760,4600,395400,2950,377190,4445,365550,4080,357120,2485,357250,2815,348950,3850,350520,4375,334890,4055,338100,3140,330590,5610,293940,2580,204210,5610,088260,990,145270,3130,140910
2024-12-26,3540,404990,2580,396690,3495,400760,4580,395400,2940,377190,4485,365550,4090,357120,2525,357250,2915,348950,3955,350520,4345,334890,4055,338100,3200,330590,5640,293940,2770,204210,5640,088260,1030,145270,3130,140910
2024-12-24,3520,404990,2590,396690,3500,400760,4630,395400,2940,377190,4500,365550,4070,357120,2500,357250,2950,348950,3955,350520,4320,334890,4070,338100,3215,330590,5610,293940,2915,204210,5610,088260,1028,145270,3130,140910
2024-12-23,3415,404990,2590,396690,3480,400760,4505,395400,2920,377190,4380,365550,4040,357120,2470,357250,2905,348950,3920,350520,4245,334890,4065,338100,3185,330590,5640,293940,2890,204210,5640,088260,1028,145270,3130,140910
2024-12-20,3375,404990,2585,396690,3490,400760,4365,395400,2875,377190,4260,365550,3995,357120,2445,357250,2885,348950,3920,350520,4290,334890,4050,338100,3140,330590,5650,293940,2505,204210,5650,088260,1028,145270,3130,140910
2024-12-19,3340,404990,2590,396690,3505,400760,4400,395400,2960,377190,4310,365550,4020,357120,2455,357250,2940,348950,3910,350520,4235,334890,4100,338100,3210,330590,5780,293940,2605,204210,5780,088260,1026,145270,3130,140910
2024-12-18,3365,404990,2620,396690,3480,400760,4430,395400,2935,377190,4255,365550,4025,357120,2470,357250,2925,348950,3960,350520,4260,334890,4130,338100,3220,330590,5810,293940,2600,204210,5810,088260,1030,145270,3130,140910
2024-12-17,3420,404990,2640,396690,3440,400760,4470,395400,2880,377190,4310,365550,4025,357120,2430,357250,2965,348950,3940,350520,4245,334890,4070,338100,3165,330590,5720,293940,2625,204210,5720,088260,1031,145270,3130,140910
2024-12-16,3500,404990,2680,396690,3465,400760,4555,395400,2790,377190,4365,365550,4050,357120,2425,357250,2960,348950,3960,350520,4310,334890,4130,338100,3195,330590,5710,293940,2560,204210,5710,088260,1034,145270,3130,140910
2024-12-13,3655,404990,2680,396690,3470,400760,4650,395400,2835,377190,4555,365550,4070,357120,2425,357250,3000,348950,3960,350520,4350,334890,4150,338100,3225,330590,5710,293940,2770,204210,5710,088260,1034,145270,3130,140910
2024-12-12,3705,404990,2695,396690,3480,400760,4650,395400,2910,377190,4700,365550,4155,357120,2445,357250,3075,348950,3990,350520,4355,334890,4135,338100,3165,330590,5600,293940,2765,204210,5600,088260,1015,145270,3130,140910
2024-12-11,3620,404990,2680,396690,3415,400760,4585,395400,2875,377190,4550,365550,4095,357120,2405,357250,3015,348950,3970,350520,4190,334890,4145,338100,3085,330590,5600,293940,2885,204210,5600,088260,1039,145270,3130,140910
2024-12-10,3525,404990,2685,396690,3400,400760,4550,395400,2825,377190,4585,365550,4090,357120,2365,357250,2915,348950,3920,350520,4215,334890,4080,338100,2995,330590,5500,293940,2875,204210,5500,088260,1009,145270,3130,140910
2024-12-09,3450,404990,2660,396690,3355,400760,4420,395400,2730,377190,4420,365550,3905,357120,2330,357250,2835,348950,3895,350520,4230,334890,3970,338100,2890,330590,5310,293940,2785,204210,5310,088260,1004,145270,3130,140910
2024-12-06,3550,404990,2710,396690,3420,400760,4550,395400,2830,377190,4520,365550,4035,357120,2410,357250,2925,348950,3965,350520,4415,334890,4095,338100,3010,330590,5460,293940,2985,204210,5460,088260,1000,145270,3130,140910
2024-12-05,3535,404990,2700,396690,3400,400760,4515,395400,2800,377190,4515,365550,4080,357120,2395,357250,2910,348950,3990,350520,4445,334890,4170,338100,3010,330590,5480,293940,3070,204210,5480,088260,1002,145270,3130,140910
2024-12-04,3465,404990,2680,396690,3390,400760,4635,395400,2820,377190,4635,365550,4125,357120,2465,357250,2935,348950,4000,350520,4460,334890,4230,338100,3030,330590,5520,293940,3065,204210,5520,088260,1005,145270,3130,140910
2024-12-03,3540,404990,2685,396690,3375,400760,4650,395400,2855,377190,4680,365550,4160,357120,2480,357250,2960,348950,4010,350520,4600,334890,4240,338100,3060,330590,5540,293940,3035,204210,5540,088260,1004,145270,3130,140910
2024-12-02,3630,404990,2675,396690,3315,400760,4680,395400,2835,377190,4800,365550,4245,357120,2540,357250,2970,348950,4035,350520,5220,334890,4220,338100,3045,330590,5610,293940,2940,204210,5610,088260,1002,145270,3130,140910
2024-11-29,3640,404990,2685,396690,3355,400760,4670,395400,2775,377190,4800,365550,4295,357120,2595,357250,2980,348950,4050,350520,5310,334890,4255,338100,3080,330590,5650,293940,2950,204210,5650,088260,1004,145270,3130,140910
2024-11-28,3720,404990,2695,396690,3365,400760,4735,395400,2840,377190,4830,365550,4315,357120,2600,357250,3015,348950,4055,350520,5380,334890,4355,338100,3180,330590,5720,293940,2875,204210,5720,088260,1006,145270,3130,140910
2024-11-27,3640,404990,2675,396690,3355,400760,4790,395400,2790,377190,4945,365550,4540,357120,2690,357250,2985,348950,4020,350520,5380,334890,4665,338100,3180,330590,5710,293940,2905,204210,5710,088260,1007,145270,3130,140910
2024-11-26,3595,404990,2680,396690,3360,400760,4790,395400,2845,377190,4955,365550,4595,357120,2710,357250,2965,348950,4025,350520,5370,334890,4675,338100,3130,330590,5670,293940,2840,204210,5670,088260,1008,145270,3130,140910
2024-11-25,3615,404990,2705,396690,3390,400760,4805,395400,2850,377190,4865,365550,4535,357120,2720,357250,2935,348950,4040,350520,5380,334890,4675,338100,3270,330590,5720,293940,2725,204210,5720,088260,1008,145270,3130,140910
2024-11-22,3685,404990,2690,396690,3400,400760,4785,395400,2865,377190,4840,365550,4345,357120,2720,357250,2975,348950,4025,350520,5450,334890,4615,338100,3320,330590,5730,293940,3200,204210,5730,088260,1009,145270,3130,140910
2024-11-21,3660,404990,2695,396690,3345,400760,4765,395400,2860,377190,4805,365550,4365,357120,2720,357250,2975,348950,4030,350520,5450,334890,4620,338100,3235,330590,5710,293940,3320,204210,5710,088260,1013,145270,3130,140910
2024-11-20,3630,404990,2650,396690,3345,400760,4765,395400,2920,377190,4800,365550,4350,357120,2695,357250,2950,348950,4010,350520,5420,334890,4620,338100,3230,330590,5710,293940,3100,204210,5710,088260,1014,145270,3130,140910
2024-11-19,3460,404990,2600,396690,3255,400760,4760,395400,2825,377190,4665,365550,4290,357120,2695,357250,2905,348950,3925,350520,5380,334890,4620,338100,3190,330590,5620,293940,3090,204210,5620,088260,1003,145270,3130,140910
2024-11-18,3370,404990,2580,396690,3230,400760,4625,395400,2805,377190,4650,365550,4235,357120,2690,357250,2895,348950,3920,350520,5250,334890,4615,338100,3210,330590,5480,293940,2880,204210,5480,088260,1003,145270,3130,140910
2024-11-15,3270,404990,2540,396690,3235,400760,4510,395400,2685,377190,4660,365550,4180,357120,2660,357250,2880,348950,3900,350520,5140,334890,4570,338100,3190,330590,5380,293940,2770,204210,5380,088260,1001,145270,3130,140910
2024-11-14,3250,404990,2545,396690,3230,400760,4630,395400,2675,377190,4655,365550,4145,357120,2630,357250,2850,348950,3895,350520,5090,334890,4565,338100,3210,330590,5420,293940,2875,204210,5420,088260,1000,145270,3130,140910
2024-11-13,3250,404990,2585,396690,3245,400760,4560,395400,2685,377190,4585,365550,4215,357120,2700,357250,2930,348950,3895,350520,5160,334890,4575,338100,3230,330590,5510,293940,2635,204210,5510,088260,1000,145270,3130,140910
2024-11-12,3215,404990,2630,396690,3245,400760,4350,395400,2650,377190,4580,365550,4190,357120,2700,357250,2825,348950,3850,350520,5190,334890,4615,338100,3190,330590,5480,293940,2550,204210,5480,088260,1000,145270,3130,140910
2024-11-11,3260,404990,2700,396690,3345,400760,4440,395400,2710,377190,4640,365550,4340,357120,2810,357250,2960,348950,3890,350520,5230,334890,4610,338100,3220,330590,5660,293940,2575,204210,5660,088260,1000,145270,3130,140910
2024-11-08,3355,404990,2755,396690,3375,400760,4540,395400,2755,377190,4705,365550,4510,357120,2870,357250,3000,348950,3915,350520,4995,334890,4630,338100,3265,330590,5690,293940,2495,204210,5690,088260,1003,145270,3130,140910
2024-11-07,3405,404990,2740,396690,3410,400760,4690,395400,2820,377190,4750,365550,4470,357120,2880,357250,3000,348950,3925,350520,4990,334890,4605,338100,3280,330590,5720,293940,2440,204210,5720,088260,1004,145270,3130,140910
2024-11-06,3510,404990,2750,396690,3415,400760,4605,395400,2875,377190,4775,365550,4515,357120,2885,357250,3020,348950,3940,350520,5050,334890,4610,338100,3290,330590,5780,293940,2420,204210,5780,088260,1004,145270,3130,140910
2024-11-05,3535,404990,2790,396690,3420,400760,4665,395400,2865,377190,4815,365550,4550,357120,2910,357250,3060,348950,3955,350520,5100,334890,4610,338100,3260,330590,5840,293940,2435,204210,5840,088260,1007,145270,3130,140910
2024-11-04,3500,404990,2800,396690,3420,400760,4615,395400,2835,377190,4860,365550,4530,357120,2910,357250,3025,348950,3935,350520,5070,334890,4620,338100,3305,330590,5810,293940,2435,204210,5810,088260,1005,145270,3130,140910
2024-11-01,3515,404990,2810,396690,3450,400760,4625,395400,2855,377190,4970,365550,4575,357120,2955,357250,3070,348950,3930,350520,5080,334890,4650,338100,3320,330590,5810,293940,2420,204210,5810,088260,1002,145270,3130,140910
2024-10-31,3505,404990,2850,396690,3480,400760,4635,395400,2880,377190,4990,365550,4630,357120,2935,357250,3115,348950,3925,350520,5080,334890,4630,338100,3370,330590,5790,293940,2545,204210,5790,088260,999,145270,3130,140910
2024-10-30,3400,404990,2820,396690,3490,400760,4715,395400,2790,377190,4950,365550,4620,357120,2920,357250,3070,348950,3935,350520,5020,334890,4625,338100,3355,330590,5860,293940,2600,204210,5860,088260,1004,145270,3130,140910
2024-10-29,3370,404990,2810,396690,3445,400760,4775,395400,2800,377190,4900,365550,4685,357120,2955,357250,3115,348950,3950,350520,5040,334890,4715,338100,3415,330590,5800,293940,2600,204210,5800,088260,1011,145270,3130,140910
2024-10-28,3295,404990,2810,396690,3425,400760,4795,395400,2840,377190,4870,365550,4640,357120,2950,357250,3105,348950,3935,350520,4955,334890,4755,338100,3415,330590,5800,293940,2550,204210,5800,088260,1007,145270,3130,140910
2024-10-25,3350,404990,2855,396690,3460,400760,4835,395400,2885,377190,4940,365550,4700,357120,3010,357250,3195,348950,3975,350520,4970,334890,4785,338100,3475,330590,5800,293940,2490,204210,5800,088260,1010,145270,3130,140910
2024-10-24,3460,404990,2875,396690,3530,400760,4950,395400,2905,377190,4970,365550,4765,357120,3050,357250,3270,348950,3980,350520,5050,334890,4700,338100,3530,330590,5930,293940,2470,204210,5930,088260,1011,145270,3130,140910
2024-10-23,3530,404990,2900,396690,3550,400760,4935,395400,3105,377190,4970,365550,4765,357120,3065,357250,3280,348950,4010,350520,5070,334890,4700,338100,3535,330590,5960,293940,2405,204210,5960,088260,1016,145270,3130,140910
2024-10-22,3520,404990,2895,396690,3580,400760,4890,395400,3185,377190,5000,365550,4810,357120,3090,357250,3295,348950,4000,350520,5150,334890,4675,338100,3520,330590,6010,293940,2450,204210,6010,088260,1016,145270,3130,140910
2024-10-21,3495,404990,2920,396690,3585,400760,4890,395400,3270,377190,5080,365550,4870,357120,3095,357250,3330,348950,4025,350520,5210,334890,4700,338100,3575,330590,5950,293940,2555,204210,5950,088260,1018,145270,3130,140910
2024-10-18,3495,404990,2925,396690,3580,400760,4945,395400,3275,377190,5030,365550,4845,357120,3090,357250,3315,348950,4055,350520,5200,334890,4690,338100,3620,330590,5980,293940,2630,204210,5980,088260,1026,145270,3130,140910
2024-10-17,3570,404990,2945,396690,3600,400760,4960,395400,3285,377190,5030,365550,4890,357120,3095,357250,3320,348950,4050,350520,5260,334890,4690,338100,3610,330590,5970,293940,2650,204210,5970,088260,1027,145270,3130,140910
2024-10-16,3570,404990,2905,396690,3605,400760,4965,395400,3305,377190,4935,365550,4870,357120,3085,357250,3300,348950,4075,350520,5260,334890,4685,338100,3580,330590,6010,293940,2585,204210,6010,088260,1028,145270,3130,140910
2024-10-15,3650,404990,2830,396690,3610,400760,5060,395400,3295,377190,5090,365550,4885,357120,3080,357250,3310,348950,4060,350520,5270,334890,4670,338100,3610,330590,6000,293940,2670,204210,6000,088260,1024,145270,3130,140910
2024-10-14,3685,404990,2800,396690,3630,400760,5030,395400,3300,377190,5080,365550,4775,357120,3080,357250,3295,348950,4085,350520,5250,334890,4565,338100,3585,330590,6050,293940,2665,204210,6050,088260,1017,145270,3130,140910
2024-10-11,3725,404990,2790,396690,3600,400760,4950,395400,3325,377190,4920,365550,4790,357120,3070,357250,3300,348950,4070,350520,5200,334890,4565,338100,3590,330590,5920,293940,2635,204210,5920,088260,1027,145270,3130,140910
2024-10-10,3730,404990,2800,396690,3600,400760,5000,395400,3405,377190,4880,365550,4700,357120,3070,357250,3190,348950,4010,350520,5210,334890,4560,338100,3550,330590,5990,293940,2675,204210,5990,088260,1031,145270,3130,140910
2024-10-08,3770,404990,2840,396690,3615,400760,4770,395400,3410,377190,4740,365550,4685,357120,3065,357250,3135,348950,4000,350520,5210,334890,4535,338100,3450,330590,5960,293940,2670,204210,5960,088260,1033,145270,3130,140910
2024-10-07,3740,404990,2885,396690,3590,400760,5010,395400,3430,377190,4945,365550,4685,357120,3100,357250,3195,348950,4010,350520,5220,334890,4560,338100,3510,330590,5930,293940,2660,204210,5930,088260,1023,145270,3130,140910
2024-10-04,3725,404990,2905,396690,3590,400760,4910,395400,3450,377190,4910,365550,4700,357120,3105,357250,3305,348950,4035,350520,5200,334890,4535,338100,3515,330590,5960,293940,2650,204210,5960,088260,1026,145270,3130,140910
2024-10-02,3740,404990,2900,396690,3600,400760,5000,395400,3445,377190,4855,365550,4690,357120,3110,357250,3400,348950,4045,350520,5240,334890,4550,338100,3560,330590,5980,293940,2700,204210,5980,088260,1026,145270,3130,140910
2024-09-30,3755,404990,2950,396690,3605,400760,5150,395400,3475,377190,4990,365550,4715,357120,3140,357250,3540,348950,4045,350520,5250,334890,4600,338100,3550,330590,6120,293940,2780,204210,6120,088260,1029,145270,3130,140910
2024-09-27,3770,404990,2995,396690,3575,400760,5170,395400,3525,377190,5090,365550,4735,357120,3145,357250,3600,348950,4060,350520,5280,334890,4570,338100,3680,330590,6190,293940,2795,204210,6190,088260,1037,145270,3130,140910
2024-09-26,3745,404990,3070,396690,3580,400760,5250,395400,3630,377190,5110,365550,4710,357120,3150,357250,3610,348950,4100,350520,5320,334890,4555,338100,3685,330590,6400,293940,2775,204210,6400,088260,1037,145270,3130,140910
2024-09-25,3820,404990,3100,396690,3580,400760,5250,395400,3635,377190,5160,365550,4755,357120,3140,357250,3600,348950,4050,350520,5300,334890,4540,338100,3605,330590,6390,293940,2775,204210,6390,088260,1037,145270,3130,140910
2024-09-24,3795,404990,3095,396690,3570,400760,5320,395400,3620,377190,5280,365550,4795,357120,3140,357250,3605,348950,4080,350520,5310,334890,4535,338100,3625,330590,6380,293940,2775,204210,6380,088260,1043,145270,3130,140910
2024-09-23,3770,404990,3085,396690,3530,400760,5350,395400,3585,377190,5300,365550,4780,357120,3135,357250,3605,348950,4070,350520,5420,334890,4540,338100,3740,330590,6290,293940,2795,204210,6290,088260,1043,145270,3130,140910
2024-09-20,3730,404990,3080,396690,3520,400760,5400,395400,3525,377190,5250,365550,4755,357120,3145,357250,3645,348950,4080,350520,5470,334890,4535,338100,3810,330590,6260,293940,2825,204210,6260,088260,1045,145270,3130,140910
2024-09-19,3790,404990,3085,396690,3660,400760,5340,395400,3700,377190,5310,365550,4750,357120,3150,357250,3625,348950,4070,350520,5400,334890,4530,338100,3925,330590,6010,293940,2850,204210,6010,088260,1045,145270,3130,140910
2024-09-13,3785,404990,3035,396690,3710,400760,5290,395400,3720,377190,5140,365550,4735,357120,3165,357250,3600,348950,4035,350520,5370,334890,4530,338100,3840,330590,5900,293940,2730,204210,5900,088260,1030,145270,3130,140910
2024-09-12,3720,404990,3040,396690,3720,400760,5390,395400,3715,377190,5240,365550,4720,357120,3180,357250,3600,348950,4015,350520,5330,334890,4510,338100,3810,330590,5790,293940,2705,204210,5790,088260,1028,145270,3130,140910
2024-09-11,3735,404990,3035,396690,3715,400760,5370,395400,3705,377190,5200,365550,4690,357120,3140,357250,3610,348950,4010,350520,5320,334890,4520,338100,3875,330590,5910,293940,2665,204210,5910,088260,1023,145270,3130,140910
2024-09-10,3645,404990,3040,396690,3725,400760,5450,395400,3725,377190,5190,365550,4715,357120,3130,357250,3595,348950,3895,350520,5340,334890,4515,338100,3870,330590,5950,293940,2695,204210,5950,088260,1023,145270,3130,140910
2024-09-09,3650,404990,3030,396690,3710,400760,5420,395400,3735,377190,5000,365550,4710,357120,3135,357250,3575,348950,3955,350520,5240,334890,4510,338100,3755,330590,6210,293940,2700,204210,6210,088260,1023,145270,3130,140910
2024-09-06,3695,404990,3035,396690,3725,400760,5400,395400,3740,377190,5090,365550,4705,357120,3140,357250,3620,348950,4000,350520,5170,334890,4515,338100,3790,330590,6260,293940,2710,204210,6260,088260,1024,145270,3130,140910
2024-09-05,3695,404990,3070,396690,3730,400760,5280,395400,3735,377190,5090,365550,4660,357120,3130,357250,3590,348950,4020,350520,5190,334890,4515,338100,3770,330590,6180,293940,2720,204210,6180,088260,1024,145270,3130,140910
2024-09-04,3750,404990,3070,396690,3680,400760,5330,395400,3715,377190,5090,365550,4685,357120,3130,357250,3630,348950,4020,350520,5200,334890,4510,338100,3880,330590,6290,293940,2765,204210,6290,088260,1040,145270,3130,140910
2024-09-03,3800,404990,3070,396690,3705,400760,5290,395400,3710,377190,5070,365550,4725,357120,3175,357250,3650,348950,4035,350520,5210,334890,4515,338100,3930,330590,6300,293940,2860,204210,6300,088260,1043,145270,3130,140910
2024-09-02,3785,404990,3090,396690,3745,400760,5280,395400,3740,377190,5030,365550,4695,357120,3180,357250,3645,348950,4065,350520,5170,334890,4515,338100,3925,330590,6270,293940,2860,204210,6270,088260,1050,145270,3130,140910
2024-08-30,3875,404990,3090,396690,3750,400760,5330,395400,3730,377190,5140,365550,4720,357120,3180,357250,3640,348950,4080,350520,5220,334890,4510,338100,3950,330590,6270,293940,2870,204210,6270,088260,1055,145270,3130,140910
2024-08-29,3820,404990,3085,396690,3765,400760,5190,395400,3715,377190,5010,365550,4685,357120,3160,357250,3630,348950,4060,350520,5220,334890,4495,338100,3940,330590,6190,293940,2870,204210,6190,088260,1040,145270,3130,140910
2024-08-28,3805,404990,3090,396690,3730,400760,5210,395400,3715,377190,5050,365550,4705,357120,3175,357250,3630,348950,4030,350520,5210,334890,4495,338100,3925,330590,6270,293940,2905,204210,6270,088260,1031,145270,3130,140910
2024-08-27,3805,404990,3090,396690,3700,400760,5210,395400,3725,377190,5030,365550,4695,357120,3140,357250,3640,348950,4010,350520,5180,334890,4480,338100,3870,330590,6560,293940,2910,204210,6560,088260,1032,145270,3130,140910
2024-08-26,3865,404990,3060,396690,3705,400760,5200,395400,3720,377190,5020,365550,4690,357120,3145,357250,3635,348950,4005,350520,5170,334890,4490,338100,3980,330590,6540,293940,2920,204210,6540,088260,1032,145270,3130,140910
2024-08-23,3855,404990,3015,396690,3715,400760,5160,395400,3760,377190,4970,365550,4560,357120,3150,357250,3600,348950,4010,350520,5190,334890,4485,338100,3945,330590,6500,293940,2920,204210,6500,088260,1032,145270,3130,140910
2024-08-22,3940,404990,3015,396690,3720,400760,5140,395400,3720,377190,4905,365550,4655,357120,3155,357250,3600,348950,4005,350520,5250,334890,4485,338100,3945,330590,6470,293940,2955,204210,6470,088260,1031,145270,3130,140910
2024-08-21,4035,404990,2990,396690,3725,400760,5120,395400,3720,377190,4900,365550,4730,357120,3150,357250,3620,348950,4010,350520,5300,334890,4490,338100,3950,330590,6470,293940,2920,204210,6470,088260,1035,145270,3130,140910
2024-08-20,3995,404990,2990,396690,3745,400760,5120,395400,3710,377190,4905,365550,4875,357120,3125,357250,3600,348950,4055,350520,5300,334890,4505,338100,3965,330590,6490,293940,2935,204210,6490,088260,1035,145270,3130,140910
2024-08-19,3980,404990,3035,396690,3760,400760,5110,395400,3670,377190,4910,365550,4905,357120,3110,357250,3675,348950,4045,350520,5310,334890,4520,338100,3965,330590,6500,293940,2900,204210,6500,088260,1036,145270,3130,140910
2024-08-16,3975,404990,3055,396690,3760,400760,5060,395400,3605,377190,4970,365550,4890,357120,3120,357250,3710,348950,4030,350520,5320,334890,4480,338100,4030,330590,6540,293940,2955,204210,6540,088260,1035,145270,3130,140910
2024-08-14,3985,404990,3050,396690,3780,400760,5100,395400,3590,377190,5110,365550,4865,357120,3120,357250,3715,348950,4010,350520,5330,334890,4465,338100,4025,330590,6570,293940,3010,204210,6570,088260,1036,145270,3130,140910
2024-08-13,3935,404990,3025,396690,3800,400760,5030,395400,3560,377190,4990,365550,4825,357120,3135,357250,3720,348950,3940,350520,5270,334890,4460,338100,3980,330590,6600,293940,3040,204210,6600,088260,1035,145270,3130,140910
2024-08-12,3950,404990,3015,396690,3780,400760,5070,395400,3570,377190,4920,365550,4860,357120,3095,357250,3750,348950,3975,350520,5280,334890,4485,338100,4040,330590,6660,293940,3140,204210,6660,088260,1037,145270,3130,140910
2024-08-09,3870,404990,3000,396690,3800,400760,5070,395400,3475,377190,4865,365550,4840,357120,3070,357250,3680,348950,3935,350520,5270,334890,4460,338100,3845,330590,6680,293940,3100,204210,6680,088260,1036,145270,3130,140910
2024-08-08,4025,404990,3010,396690,3805,400760,4905,395400,3505,377190,4895,365550,4865,357120,3075,357250,3810,348950,3935,350520,5250,334890,4470,338100,3740,330590,6610,293940,3030,204210,6610,088260,1034,145270,3130,140910
2024-08-07,4115,404990,3010,396690,3810,400760,5090,395400,3605,377190,4970,365550,4880,357120,3100,357250,3850,348950,4190,350520,5260,334890,4525,338100,3855,330590,6670,293940,3030,204210,6670,088260,1024,145270,3130,140910
2024-08-06,4080,404990,2945,396690,3715,400760,4975,395400,3520,377190,4875,365550,4775,357120,3070,357250,3885,348950,4135,350520,5180,334890,4495,338100,3785,330590,6510,293940,3040,204210,6510,088260,1010,145270,3130,140910
2024-08-05,3970,404990,3015,396690,3655,400760,4950,395400,3450,377190,4720,365550,4645,357120,3025,357250,3735,348950,4060,350520,5080,334890,4345,338100,3650,330590,6360,293940,2880,204210,6360,088260,998,145270,3130,140910
2024-08-02,4240,404990,3095,396690,3775,400760,5090,395400,3600,377190,4950,365550,4805,357120,3150,357250,3925,348950,4195,350520,5280,334890,4520,338100,3850,330590,6630,293940,3165,204210,6630,088260,1034,145270,3130,140910
2024-08-01,4340,404990,3135,396690,3845,400760,5220,395400,3670,377190,4995,365550,4900,357120,3190,357250,3980,348950,4205,350520,5350,334890,4525,338100,3895,330590,6740,293940,3280,204210,6740,088260,1043,145270,3130,140910
2024-07-31,4385,404990,3100,396690,3830,400760,5220,395400,3640,377190,4935,365550,4950,357120,3200,357250,3975,348950,4235,350520,5350,334890,4525,338100,3800,330590,6760,293940,3165,204210,6760,088260,1045,145270,3130,140910
2024-07-30,4390,404990,3100,396690,3730,400760,5220,395400,3585,377190,4915,365550,4890,357120,3170,357250,3965,348950,4180,350520,5400,334890,4510,338100,3730,330590,6670,293940,3100,204210,6670,088260,1045,145270,3130,140910
2024-07-29,4315,404990,3075,396690,3690,400760,5190,395400,3540,377190,4915,365550,4850,357120,3155,357250,3905,348950,4170,350520,5350,334890,4505,338100,3670,330590,6650,293940,3310,204210,6650,088260,1045,145270,3130,140910
2024-07-26,4345,404990,3060,396690,3640,400760,5070,395400,3490,377190,4870,365550,4805,357120,3145,357250,3880,348950,4160,350520,5330,334890,4495,338100,3595,330590,6580,293940,3110,204210,6580,088260,1046,145270,3130,140910
2024-07-25,4330,404990,3035,396690,3650,400760,5050,395400,3475,377190,4860,365550,4800,357120,3140,357250,3835,348950,4120,350520,5290,334890,4495,338100,3595,330590,6560,293940,2915,204210,6560,088260,1042,145270,3130,140910
2024-07-24,4330,404990,3090,396690,3650,400760,5040,395400,3465,377190,4880,365550,4810,357120,3150,357250,3870,348950,4155,350520,5280,334890,4505,338100,3575,330590,6610,293940,2785,204210,6610,088260,1045,145270,3130,140910
2024-07-23,4275,404990,3095,396690,3685,400760,5030,395400,3485,377190,4815,365550,4820,357120,3135,357250,3825,348950,4185,350520,5290,334890,4505,338100,3560,330590,6470,293940,2785,204210,6470,088260,1040,145270,3130,140910
2024-07-22,4265,404990,3090,396690,3675,400760,5020,395400,3450,377190,4840,365550,4780,357120,3130,357250,3900,348950,4160,350520,5200,334890,4500,338100,3520,330590,6430,293940,2785,204210,6430,088260,1041,145270,3130,140910
2024-07-19,4225,404990,3105,396690,3665,400760,4990,395400,3425,377190,4805,365550,4800,357120,3160,357250,3925,348950,4190,350520,5220,334890,4505,338100,3575,330590,6360,293940,2810,204210,6360,088260,1045,145270,3130,140910
2024-07-18,4160,404990,3125,396690,3695,400760,4995,395400,3390,377190,4830,365550,4780,357120,3155,357250,3935,348950,4210,350520,5240,334890,4495,338100,3540,330590,6410,293940,2835,204210,6410,088260,1029,145270,3130,140910
2024-07-17,4135,404990,3130,396690,3670,400760,4945,395400,3395,377190,4755,365550,4755,357120,3150,357250,3930,348950,4215,350520,5210,334890,4480,338100,3500,330590,6440,293940,2820,204210,6440,088260,1031,145270,3130,140910
2024-07-16,4200,404990,3080,396690,3640,400760,4970,395400,3365,377190,4745,365550,4700,357120,3105,357250,3910,348950,4195,350520,5140,334890,4410,338100,3390,330590,6300,293940,2785,204210,6300,088260,1028,145270,3130,140910
2024-07-15,4100,404990,3080,396690,3640,400760,4920,395400,3365,377190,4735,365550,4640,357120,3085,357250,3900,348950,4195,350520,5130,334890,4400,338100,3340,330590,6270,293940,2835,204210,6270,088260,1026,145270,3130,140910
2024-07-12,4200,404990,3070,396690,3635,400760,4840,395400,3350,377190,4655,365550,4610,357120,3085,357250,3910,348950,4205,350520,5110,334890,4395,338100,3315,330590,6200,293940,2830,204210,6200,088260,1025,145270,3130,140910
2024-07-11,4225,404990,3070,396690,3630,400760,4820,395400,3325,377190,4640,365550,4610,357120,3045,357250,3840,348950,4180,350520,5110,334890,4365,338100,3295,330590,6130,293940,2900,204210,6130,088260,1028,145270,3130,140910
2024-07-10,4250,404990,3065,396690,3630,400760,4775,395400,3315,377190,4515,365550,4645,357120,3040,357250,3805,348950,4180,350520,5130,334890,4375,338100,3275,330590,6110,293940,2855,204210,6110,088260,1028,145270,3130,140910
2024-07-09,4235,404990,3065,396690,3650,400760,4715,395400,3340,377190,4510,365550,4630,357120,3040,357250,3810,348950,4200,350520,5150,334890,4390,338100,3300,330590,6200,293940,2780,204210,6200,088260,1028,145270,3130,140910
2024-07-08,4200,404990,3020,396690,3660,400760,4780,395400,3375,377190,4605,365550,4630,357120,3045,357250,3860,348950,4215,350520,5130,334890,4380,338100,3290,330590,6190,293940,2920,204210,6190,088260,1028,145270,3130,140910
2024-07-05,4215,404990,3010,396690,3660,400760,4785,395400,3380,377190,4675,365550,4615,357120,3025,357250,3820,348950,4215,350520,5110,334890,4355,338100,3265,330590,6200,293940,2905,204210,6200,088260,1021,145270,3130,140910
2024-07-04,4195,404990,3010,396690,3650,400760,4820,395400,3380,377190,4755,365550,4600,357120,3020,357250,3845,348950,4220,350520,5140,334890,4370,338100,3275,330590,6220,293940,2905,204210,6220,088260,1019,145270,3130,140910
2024-07-03,4195,404990,3020,396690,3635,400760,4730,395400,3360,377190,4720,365550,4655,357120,3045,357250,3915,348950,4175,350520,5130,334890,4385,338100,3245,330590,6220,293940,2970,204210,6220,088260,1017,145270,3130,140910
2024-07-02,4250,404990,3005,396690,3610,400760,4650,395400,3360,377190,4605,365550,4640,357120,3050,357250,3940,348950,4215,350520,5120,334890,4385,338100,3230,330590,6240,293940,3005,204210,6240,088260,1018,145270,3130,140910
2024-07-01,4295,404990,3025,396690,3600,400760,4710,395400,3410,377190,4600,365550,4650,357120,3060,357250,3965,348950,4240,350520,5210,334890,4380,338100,3260,330590,6240,293940,3055,204210,6240,088260,1029,145270,3130,140910
2024-06-28,4320,404990,3035,396690,3650,400760,4815,395400,3410,377190,4615,365550,4660,357120,3080,357250,3980,348950,4285,350520,5230,334890,4385,338100,3270,330590,6300,293940,3055,204210,6300,088260,1025,145270,3130,140910
2024-06-27,4300,404990,3045,396690,3640,400760,4775,395400,3380,377190,4595,365550,4630,357120,3080,357250,4015,348950,4210,350520,5130,334890,4395,338100,3260,330590,6290,293940,3065,204210,6290,088260,1023,145270,3130,140910
2024-06-26,4345,404990,3090,396690,3700,400760,4690,395400,3355,377190,4640,365550,4635,357120,3105,357250,4130,348950,4330,350520,5110,334890,4370,338100,3350,330590,6250,293940,3070,204210,6250,088260,1020,145270,3130,140910
2024-06-25,4245,404990,3075,396690,3675,400760,4670,395400,3385,377190,4705,365550,4670,357120,3110,357250,4130,348950,4360,350520,5110,334890,4355,338100,3335,330590,6190,293940,3145,204210,6190,088260,1020,145270,3130,140910
2024-06-24,4230,404990,3070,396690,3670,400760,4680,395400,3340,377190,4670,365550,4630,357120,3105,357250,4135,348950,4320,350520,5130,334890,4345,338100,3335,330590,6150,293940,3115,204210,6150,088260,1021,145270,3130,140910
2024-06-21,4170,404990,3120,396690,3655,400760,4750,395400,3370,377190,4565,365550,4615,357120,3070,357250,4160,348950,4310,350520,5140,334890,4355,338100,3370,330590,6190,293940,3185,204210,6190,088260,1025,145270,3130,140910
2024-06-20,4190,404990,3110,396690,3565,400760,4685,395400,3330,377190,4530,365550,4570,357120,3030,357250,4105,348950,4300,350520,5130,334890,4365,338100,3285,330590,6030,293940,3240,204210,6030,088260,1021,145270,3130,140910
2024-06-19,4220,404990,3110,396690,3665,400760,4700,395400,3355,377190,4375,365550,4520,357120,3065,357250,4115,348950,4320,350520,5120,334890,4400,338100,3280,330590,6030,293940,3110,204210,6030,088260,1022,145270,3130,140910
2024-06-18,4220,404990,3070,396690,3670,400760,4825,395400,3430,377190,4515,365550,4560,357120,3095,357250,4130,348950,4360,350520,5120,334890,4410,338100,3300,330590,6090,293940,3080,204210,6090,088260,1024,145270,3130,140910
2024-06-17,4225,404990,3130,396690,3690,400760,4665,395400,3490,377190,4500,365550,4575,357120,3100,357250,4135,348950,4355,350520,5080,334890,4370,338100,3300,330590,6110,293940,3145,204210,6110,088260,1027,145270,3130,140910
2024-06-14,4375,404990,3155,396690,3690,400760,4865,395400,3510,377190,4605,365550,4620,357120,3105,357250,4135,348950,4415,350520,5130,334890,4355,338100,3330,330590,6110,293940,3065,204210,6110,088260,1026,145270,3130,140910
2024-06-13,4490,404990,3200,396690,3660,400760,4890,395400,3495,377190,4720,365550,4660,357120,3115,357250,4140,348950,4425,350520,5130,334890,4375,338100,3370,330590,6150,293940,3060,204210,6150,088260,1023,145270,3130,140910
2024-06-12,4465,404990,3095,396690,3640,400760,4885,395400,3555,377190,4755,365550,4715,357120,3125,357250,4140,348950,4430,350520,5110,334890,4350,338100,3435,330590,6210,293940,3070,204210,6210,088260,1025,145270,3130,140910
2024-06-11,4485,404990,3115,396690,3645,400760,4850,395400,3550,377190,4860,365550,4740,357120,3125,357250,4145,348950,4405,350520,5100,334890,4345,338100,3430,330590,6300,293940,3105,204210,6300,088260,1026,145270,3130,140910
2024-06-10,4475,404990,3115,396690,3640,400760,4795,395400,3500,377190,4890,365550,4690,357120,3130,357250,4160,348950,4440,350520,5150,334890,4345,338100,3405,330590,6310,293940,3130,204210,6310,088260,1025,145270,3130,140910
2024-06-07,4390,404990,3145,396690,3645,400760,4830,395400,3525,377190,4895,365550,4675,357120,3140,357250,4165,348950,4465,350520,5150,334890,4330,338100,3445,330590,6270,293940,3260,204210,6270,088260,1024,145270,3130,140910
2024-06-05,4340,404990,3150,396690,3630,400760,4685,395400,3525,377190,4945,365550,4605,357120,3135,357250,4110,348950,4490,350520,5150,334890,4305,338100,3385,330590,6250,293940,3250,204210,6250,088260,1023,145270,3130,140910
2024-06-04,4340,404990,3175,396690,3625,400760,4615,395400,3555,377190,4835,365550,4600,357120,3125,357250,4120,348950,4495,350520,5120,334890,4310,338100,3335,330590,6260,293940,3205,204210,6260,088260,1021,145270,3130,140910
2024-06-03,4315,404990,3170,396690,3605,400760,4585,395400,3540,377190,4830,365550,4650,357120,3150,357250,4120,348950,4445,350520,5080,334890,4285,338100,3395,330590,6300,293940,3395,204210,6300,088260,1024,145270,3130,140910
2024-05-31,4405,404990,3155,396690,3610,400760,4530,395400,3530,377190,4825,365550,4690,357120,3155,357250,4120,348950,4445,350520,5120,334890,4315,338100,3385,330590,6310,293940,3445,204210,6310,088260,1024,145270,3130,140910
2024-05-30,4360,404990,3125,396690,3585,400760,4495,395400,3530,377190,4790,365550,4660,357120,3150,357250,4110,348950,4435,350520,5130,334890,4345,338100,3310,330590,6360,293940,3455,204210,6360,088260,1024,145270,3130,140910
2024-05-29,4355,404990,3180,396690,3610,400760,4535,395400,3600,377190,4865,365550,4805,357120,3265,357250,4110,348950,4390,350520,5130,334890,4470,338100,3355,330590,6290,293940,3510,204210,6290,088260,1028,145270,3130,140910
2024-05-28,4315,404990,3210,396690,3625,400760,4555,395400,3605,377190,4875,365550,4850,357120,3270,357250,4150,348950,4385,350520,5110,334890,4470,338100,3380,330590,6380,293940,3535,204210,6380,088260,1027,145270,3130,140910
2024-05-27,4335,404990,3210,396690,3615,400760,4470,395400,3595,377190,4880,365550,4835,357120,3270,357250,4140,348950,4345,350520,5200,334890,4475,338100,3340,330590,6400,293940,3600,204210,6400,088260,1026,145270,3130,140910
2024-05-24,4250,404990,3185,396690,3595,400760,4365,395400,3590,377190,4805,365550,4875,357120,3265,357250,4120,348950,4300,350520,5140,334890,4400,338100,3360,330590,6380,293940,3680,204210,6380,088260,1026,145270,3130,140910
2024-05-23,4250,404990,3210,396690,3625,400760,4295,395400,3570,377190,4755,365550,4885,357120,3260,357250,4120,348950,4320,350520,5180,334890,4390,338100,3320,330590,6370,293940,3690,204210,6370,088260,1025,145270,3130,140910
2024-05-22,4340,404990,3235,396690,3660,400760,4380,395400,3580,377190,4775,365550,4850,357120,3275,357250,4130,348950,4320,350520,5190,334890,4400,338100,3335,330590,6380,293940,3855,204210,6380,088260,1021,145270,3130,140910
2024-05-21,4365,404990,3275,396690,3630,400760,4370,395400,3600,377190,4760,365550,4865,357120,3290,357250,4145,348950,4310,350520,5190,334890,4395,338100,3365,330590,6320,293940,4010,204210,6320,088260,1024,145270,3130,140910
2024-05-20,4350,404990,3300,396690,3635,400760,4375,395400,3590,377190,4815,365550,4910,357120,3295,357250,4155,348950,4305,350520,5100,334890,4370,338100,3395,330590,6390,293940,3985,204210,6390,088260,1029,145270,3130,140910
2024-05-17,4270,404990,3305,396690,3660,400760,4355,395400,3590,377190,4880,365550,4960,357120,3300,357250,4190,348950,4290,350520,5070,334890,4420,338100,3480,330590,6440,293940,3810,204210,6440,088260,1024,145270,3130,140910
2024-05-16,4250,404990,3265,396690,3660,400760,4345,395400,3575,377190,4860,365550,4965,357120,3295,357250,4175,348950,4305,350520,5050,334890,4435,338100,3440,330590,6440,293940,3805,204210,6440,088260,1029,145270,3130,140910
2024-05-14,4275,404990,3260,396690,3625,400760,4275,395400,3545,377190,4810,365550,4960,357120,3270,357250,4155,348950,4240,350520,5040,334890,4430,338100,3380,330590,6430,293940,3760,204210,6430,088260,1023,145270,3130,140910
2024-05-13,4265,404990,3275,396690,3590,400760,4300,395400,3505,377190,4860,365550,4940,357120,3260,357250,4175,348950,4285,350520,5070,334890,4425,338100,3355,330590,6400,293940,3710,204210,6400,088260,1024,145270,3130,140910
2024-05-10,4180,404990,3250,396690,3570,400760,4275,395400,3515,377190,4745,365550,4875,357120,3250,357250,4145,348950,4210,350520,5030,334890,4400,338100,3370,330590,6380,293940,3710,204210,6380,088260,1018,145270,3130,140910
2024-05-09,4100,404990,3250,396690,3580,400760,4270,395400,3485,377190,4810,365550,4820,357120,3285,357250,4130,348950,4185,350520,5070,334890,4410,338100,3340,330590,6370,293940,3680,204210,6370,088260,1015,145270,3130,140910
2024-05-08,4090,404990,3190,396690,3550,400760,4230,395400,3480,377190,4675,365550,4760,357120,3270,357250,4150,348950,4120,350520,4975,334890,4380,338100,3310,330590,6340,293940,3795,204210,6340,088260,1007,145270,3130,140910
2024-05-07,4055,404990,3155,396690,3540,400760,4180,395400,3480,377190,4530,365550,4720,357120,3250,357250,4060,348950,4100,350520,4905,334890,4350,338100,3250,330590,6330,293940,3700,204210,6330,088260,1008,145270,3130,140910
2024-05-03,4045,404990,3110,396690,3540,400760,4180,395400,3510,377190,4515,365550,4660,357120,3245,357250,4040,348950,4090,350520,4940,334890,4365,338100,3210,330590,6350,293940,3715,204210,6350,088260,1010,145270,3130,140910
2024-05-02,4035,404990,3055,396690,3530,400760,4180,395400,3505,377190,4560,365550,4710,357120,3235,357250,4035,348950,4045,350520,4945,334890,4335,338100,3200,330590,6300,293940,3760,204210,6300,088260,1008,145270,3130,140910
2024-04-30,4000,404990,3055,396690,3490,400760,4145,395400,3500,377190,4600,365550,4715,357120,3200,357250,4030,348950,4050,350520,4945,334890,4305,338100,3175,330590,6330,293940,3905,204210,6330,088260,1008,145270,3130,140910
2024-04-29,4055,404990,3075,396690,3510,400760,4130,395400,3515,377190,4635,365550,4730,357120,3190,357250,4030,348950,4050,350520,4945,334890,4295,338100,3140,330590,6250,293940,3970,204210,6250,088260,1006,145270,3130,140910
2024-04-26,4020,404990,3095,396690,3505,400760,4085,395400,3510,377190,4540,365550,4755,357120,3180,357250,4035,348950,4050,350520,4970,334890,4280,338100,3185,330590,6290,293940,4060,204210,6290,088260,1011,145270,3130,140910
2024-04-25,3950,404990,3100,396690,3460,400760,4150,395400,3515,377190,4510,365550,4750,357120,3185,357250,4060,348950,4000,350520,4980,334890,4275,338100,3200,330590,6280,293940,4075,204210,6280,088260,1012,145270,3130,140910
2024-04-24,3915,404990,3055,396690,3450,400760,4120,395400,3515,377190,4475,365550,4770,357120,3160,357250,4050,348950,3965,350520,4910,334890,4260,338100,3180,330590,6290,293940,4075,204210,6290,088260,1012,145270,3130,140910
2024-04-23,3835,404990,3050,396690,3435,400760,4135,395400,3505,377190,4405,365550,4775,357120,3155,357250,4040,348950,3985,350520,4845,334890,4255,338100,3140,330590,6180,293940,3950,204210,6180,088260,1006,145270,3130,140910
2024-04-22,3795,404990,2965,396690,3420,400760,4085,395400,3415,377190,4400,365550,4785,357120,3150,357250,4040,348950,3990,350520,4910,334890,4265,338100,3145,330590,6150,293940,3935,204210,6150,088260,1013,145270,3130,140910
2024-04-19,3690,404990,2935,396690,3385,400760,4020,395400,3385,377190,4310,365550,4785,357120,3140,357250,4040,348950,3955,350520,4855,334890,4255,338100,3090,330590,6020,293940,3980,204210,6020,088260,1008,145270,3130,140910
2024-04-18,3675,404990,2975,396690,3400,400760,4010,395400,3385,377190,4340,365550,4785,357120,3150,357250,4020,348950,3985,350520,4825,334890,4250,338100,3105,330590,6010,293940,4110,204210,6010,088260,1017,145270,3130,140910
2024-04-17,3645,404990,2955,396690,3390,400760,3985,395400,3390,377190,4300,365550,4810,357120,3105,357250,4000,348950,3990,350520,4785,334890,4235,338100,3115,330590,6000,293940,3920,204210,6000,088260,1009,145270,3130,140910
2024-04-16,3770,404990,3000,396690,3420,400760,4005,395400,3370,377190,4275,365550,4840,357120,3140,357250,4005,348950,4000,350520,4815,334890,4255,338100,3110,330590,6120,293940,3920,204210,6120,088260,1011,145270,3130,140910
2024-04-15,3885,404990,3070,396690,3460,400760,4050,395400,3420,377190,4405,365550,4950,357120,3160,357250,4065,348950,4015,350520,4860,334890,4275,338100,3195,330590,6290,293940,3915,204210,6290,088260,1026,145270,3130,140910
2024-04-12,3900,404990,3060,396690,3490,400760,4095,395400,3455,377190,4390,365550,4985,357120,3185,357250,4075,348950,4020,350520,4790,334890,4285,338100,3230,330590,6360,293940,4145,204210,6360,088260,1029,145270,3130,140910
2024-04-11,3920,404990,3070,396690,3515,400760,4050,395400,3435,377190,4345,365550,4965,357120,3175,357250,4065,348950,4010,350520,4755,334890,4270,338100,3235,330590,6250,293940,4830,204210,6250,088260,1031,145270,3130,140910
2024-04-09,3990,404990,3050,396690,3535,400760,4060,395400,3485,377190,4350,365550,5010,357120,3185,357250,4085,348950,3910,350520,4605,334890,4270,338100,3270,330590,6300,293940,6890,204210,6300,088260,1040,145270,3130,140910
2024-04-08,4000,404990,3130,396690,3585,400760,4110,395400,3580,377190,4455,365550,5020,357120,3240,357250,4090,348950,3905,350520,4585,334890,4290,338100,3285,330590,6430,293940,7170,204210,6430,088260,1045,145270,3130,140910
2024-04-05,4085,404990,3200,396690,3625,400760,4190,395400,3635,377190,4505,365550,4995,357120,3290,357250,4140,348950,3905,350520,4610,334890,4285,338100,3335,330590,6500,293940,7170,204210,6500,088260,1039,145270,3130,140910
2024-04-04,4110,404990,3270,396690,3645,400760,4180,395400,3625,377190,4580,365550,5020,357120,3305,357250,4145,348950,3895,350520,4600,334890,4295,338100,3330,330590,6620,293940,10230,204210,6620,088260,1041,145270,3130,140910
2024-04-03,4130,404990,3285,396690,3650,400760,4150,395400,3635,377190,4595,365550,5050,357120,3325,357250,4140,348950,3895,350520,4640,334890,4305,338100,3300,330590,6670,293940,10400,204210,6670,088260,1040,145270,3130,140910
2024-04-02,4095,404990,3290,396690,3620,400760,4140,395400,3590,377190,4495,365550,5050,357120,3265,357250,4120,348950,3870,350520,4550,334890,4260,338100,3265,330590,6640,293940,10400,204210,6640,088260,1042,145270,3130,140910
2024-04-01,4135,404990,3300,396690,3625,400760,4145,395400,3590,377190,4420,365550,5080,357120,3270,357250,4110,348950,3870,350520,4550,334890,4270,338100,3290,330590,6520,293940,10570,204210,6520,088260,1039,145270,3130,140910
2024-03-29,4125,404990,3305,396690,3625,400760,4100,395400,3565,377190,4360,365550,5070,357120,3250,357250,4140,348950,3875,350520,4540,334890,4270,338100,3230,330590,6630,293940,10800,204210,6630,088260,1037,145270,3130,140910
2024-03-28,4115,404990,3320,396690,3605,400760,4090,395400,3530,377190,4405,365550,5060,357120,3255,357250,4170,348950,3860,350520,4470,334890,4270,338100,3245,330590,6720,293940,10800,204210,6720,088260,1044,145270,3130,140910
2024-03-27,4105,404990,3380,396690,3605,400760,4145,395400,3620,377190,4475,365550,5040,357120,3300,357250,4175,348950,3885,350520,4495,334890,4270,338100,3265,330590,7090,293940,10920,204210,7090,088260,1043,145270,3130,140910
2024-03-26,4145,404990,3425,396690,3630,400760,4170,395400,3645,377190,4450,365550,5100,357120,3325,357250,4180,348950,3875,350520,4615,334890,4265,338100,3300,330590,7030,293940,10520,204210,7030,088260,1044,145270,3130,140910
2024-03-25,4155,404990,3400,396690,3630,400760,4195,395400,3645,377190,4545,365550,5100,357120,3335,357250,4175,348950,3910,350520,4645,334890,4280,338100,3300,330590,7060,293940,10670,204210,7060,088260,1034,145270,3130,140910
2024-03-22,4155,404990,3370,396690,3615,400760,4125,395400,3600,377190,4400,365550,5090,357120,3300,357250,4140,348950,3910,350520,4655,334890,4285,338100,3300,330590,7000,293940,10870,204210,7000,088260,1035,145270,3130,140910
2024-03-21,4060,404990,3365,396690,3595,400760,4060,395400,3560,377190,4255,365550,5060,357120,3240,357250,4095,348950,3865,350520,4630,334890,4285,338100,3295,330590,6980,293940,10790,204210,6980,088260,1034,145270,3130,140910
2024-03-20,4045,404990,3300,396690,3545,400760,4050,395400,3555,377190,4220,365550,5020,357120,3235,357250,4085,348950,3850,350520,4645,334890,4275,338100,3285,330590,6940,293940,10580,204210,6940,088260,1043,145270,3130,140910
2024-03-19,3985,404990,3305,396690,3535,400760,4050,395400,3535,377190,4170,365550,4975,357120,3220,357250,4110,348950,3850,350520,4645,334890,4275,338100,3275,330590,6990,293940,10750,204210,6990,088260,1046,145270,3130,140910
2024-03-18,3955,404990,3270,396690,3550,400760,4010,395400,3515,377190,4065,365550,5040,357120,3205,357250,4095,348950,3850,350520,4665,334890,4265,338100,3255,330590,6850,293940,11600,204210,6850,088260,1040,145270,3130,140910
2024-03-15,4035,404990,3350,396690,3575,400760,4070,395400,3555,377190,4155,365550,5010,357120,3280,357250,4135,348950,3865,350520,4675,334890,4290,338100,3350,330590,7030,293940,10360,204210,7030,088260,1007,145270,3130,140910
2024-03-14,4090,404990,3355,396690,3635,400760,4180,395400,3585,377190,4215,365550,5070,357120,3280,357250,4180,348950,3870,350520,4675,334890,4290,338100,3340,330590,7110,293940,11000,204210,7110,088260,1015,145270,3130,140910
2024-03-13,4070,404990,3335,396690,3665,400760,4230,395400,3575,377190,4210,365550,5040,357120,3290,357250,4195,348950,3880,350520,4675,334890,4295,338100,3300,330590,7100,293940,11150,204210,7100,088260,1010,145270,3130,140910
2024-03-12,4060,404990,3360,396690,3660,400760,4210,395400,3580,377190,4240,365550,5070,357120,3305,357250,4210,348950,3905,350520,4725,334890,4300,338100,3305,330590,7140,293940,12000,204210,7140,088260,1009,145270,3130,140910
2024-03-11,4010,404990,3390,396690,3645,400760,4225,395400,3560,377190,4220,365550,5040,357120,3315,357250,4210,348950,3925,350520,4715,334890,4330,338100,3360,330590,7210,293940,11730,204210,7210,088260,1012,145270,3130,140910
2024-03-08,3955,404990,3325,396690,3625,400760,4175,395400,3530,377190,4200,365550,5040,357120,3280,357250,4170,348950,3925,350520,4690,334890,4355,338100,3300,330590,7200,293940,10870,204210,7200,088260,1009,145270,3130,140910
2024-03-07,4000,404990,3300,396690,3620,400760,4170,395400,3545,377190,4210,365550,5070,357120,3280,357250,4185,348950,3920,350520,4695,334890,4360,338100,3300,330590,7210,293940,10710,204210,7210,088260,1006,145270,3130,140910
2024-03-06,3950,404990,3345,396690,3550,400760,4130,395400,3545,377190,4245,365550,5090,357120,3255,357250,4185,348950,3905,350520,4720,334890,4370,338100,3250,330590,7250,293940,11120,204210,7250,088260,1012,145270,3130,140910
2024-03-05,3850,404990,3235,396690,3455,400760,4075,395400,3445,377190,4075,365550,4990,357120,3185,357250,4145,348950,3825,350520,4675,334890,4260,338100,3195,330590,7240,293940,11530,204210,7240,088260,985,145270,3130,140910
2024-03-04,3775,404990,3130,396690,3390,400760,3985,395400,3385,377190,4035,365550,4960,357120,3140,357250,4100,348950,3785,350520,4625,334890,4225,338100,3180,330590,7210,293940,11700,204210,7210,088260,979,145270,3130,140910
2024-02-29,3770,404990,3045,396690,3390,400760,3885,395400,3370,377190,3985,365550,4915,357120,3085,357250,4120,348950,3745,350520,4580,334890,4215,338100,3130,330590,7170,293940,12100,204210,7170,088260,975,145270,3130,140910
2024-02-28,3795,404990,3030,396690,3385,400760,3890,395400,3355,377190,3880,365550,4895,357120,3075,357250,4040,348950,3735,350520,4560,334890,4165,338100,3150,330590,6880,293940,12470,204210,6880,088260,975,145270,3130,140910
2024-02-27,3770,404990,3015,396690,3370,400760,3860,395400,3355,377190,3905,365550,4915,357120,3075,357250,4025,348950,3725,350520,4720,334890,4165,338100,3170,330590,6880,293940,12410,204210,6880,088260,966,145270,3130,140910
2024-02-26,3780,404990,3040,396690,3380,400760,3885,395400,3395,377190,3905,365550,4890,357120,3085,357250,4040,348950,3730,350520,4720,334890,4100,338100,3200,330590,6860,293940,12790,204210,6860,088260,979,145270,3130,140910
2024-02-23,3760,404990,3050,396690,3380,400760,3915,395400,3375,377190,3900,365550,4860,357120,3085,357250,4035,348950,3665,350520,4715,334890,4070,338100,3185,330590,6850,293940,13600,204210,6850,088260,979,145270,3130,140910
2024-02-22,3760,404990,3015,396690,3370,400760,3920,395400,3325,377190,3880,365550,4860,357120,3070,357250,4040,348950,3690,350520,4725,334890,4035,338100,3170,330590,6800,293940,12510,204210,6800,088260,979,145270,3130,140910
2024-02-21,3770,404990,2985,396690,3365,400760,3905,395400,3305,377190,3865,365550,4860,357120,3075,357250,4030,348950,3710,350520,4725,334890,4040,338100,3170,330590,6820,293940,12510,204210,6820,088260,979,145270,3130,140910
2024-02-20,3770,404990,2990,396690,3335,400760,3905,395400,3320,377190,3890,365550,4860,357120,3075,357250,4040,348950,3700,350520,4725,334890,4025,338100,3170,330590,6830,293940,12940,204210,6830,088260,974,145270,3130,140910
2024-02-19,3755,404990,3005,396690,3335,400760,3905,395400,3310,377190,3865,365550,4885,357120,3065,357250,4040,348950,3690,350520,4725,334890,4025,338100,3150,330590,6700,293940,11570,204210,6700,088260,970,145270,3130,140910
2024-02-16,3755,404990,2960,396690,3335,400760,3825,395400,3310,377190,3880,365550,4850,357120,3065,357250,4060,348950,3675,350520,4725,334890,4020,338100,3145,330590,6540,293940,11680,204210,6540,088260,964,145270,3130,140910
2024-02-15,3820,404990,2940,396690,3350,400760,3815,395400,3315,377190,3880,365550,4860,357120,3055,357250,4055,348950,3665,350520,4720,334890,4020,338100,3150,330590,6520,293940,11380,204210,6520,088260,963,145270,3130,140910
2024-02-14,3880,404990,2960,396690,3355,400760,3805,395400,3310,377190,3900,365550,4915,357120,3050,357250,4025,348950,3720,350520,4720,334890,4025,338100,3160,330590,6530,293940,11400,204210,6530,088260,964,145270,3130,140910
2024-02-13,3870,404990,2970,396690,3380,400760,3855,395400,3335,377190,3875,365550,5000,357120,3035,357250,4070,348950,3740,350520,4715,334890,4025,338100,3175,330590,6540,293940,11250,204210,6540,088260,965,145270,3130,140910
2024-02-08,3830,404990,2925,396690,3385,400760,3855,395400,3280,377190,3855,365550,5040,357120,2970,357250,4100,348950,3720,350520,4690,334890,4025,338100,3155,330590,6570,293940,11790,204210,6570,088260,964,145270,3130,140910
2024-02-07,3815,404990,2930,396690,3365,400760,3820,395400,3255,377190,3855,365550,4960,357120,2945,357250,4095,348950,3715,350520,4675,334890,4035,338100,3140,330590,6560,293940,10980,204210,6560,088260,961,145270,3130,140910
2024-02-06,3815,404990,2880,396690,3330,400760,3815,395400,3240,377190,3900,365550,4905,357120,2930,357250,4105,348950,3675,350520,4675,334890,4030,338100,3145,330590,6540,293940,10980,204210,6540,088260,960,145270,3130,140910
2024-02-05,3795,404990,2900,396690,3335,400760,3800,395400,3260,377190,3900,365550,4905,357120,2940,357250,4105,348950,3660,350520,4675,334890,4030,338100,3160,330590,6520,293940,11090,204210,6520,088260,967,145270,3130,140910
2024-02-02,3795,404990,2830,396690,3330,400760,3760,395400,3280,377190,3850,365550,4880,357120,2930,357250,4105,348950,3610,350520,4645,334890,4015,338100,3110,330590,6450,293940,11400,204210,6450,088260,967,145270,3130,140910
2024-02-01,3755,404990,2770,396690,3325,400760,3765,395400,3265,377190,3790,365550,4900,357120,2895,357250,4120,348950,3595,350520,4630,334890,4010,338100,3110,330590,6530,293940,11380,204210,6530,088260,964,145270,3275,140910
2024-01-31,3770,404990,2700,396690,3315,400760,3750,395400,3240,377190,3760,365550,4935,357120,2880,357250,4070,348950,3595,350520,4615,334890,3985,338100,3085,330590,6500,293940,11470,204210,6500,088260,962,145270,3220,140910
2024-01-30,3725,404990,2695,396690,3310,400760,3790,395400,3240,377190,3725,365550,4925,357120,2880,357250,4070,348950,3610,350520,4610,334890,4000,338100,3085,330590,6520,293940,11280,204210,6520,088260,965,145270,3255,140910
2024-01-29,3730,404990,2685,396690,3305,400760,3755,395400,3215,377190,3665,365550,4955,357120,2910,357250,4050,348950,3585,350520,4580,334890,3995,338100,3090,330590,6500,293940,12400,204210,6500,088260,957,145270,3265,140910
2024-01-26,3720,404990,2700,396690,3285,400760,3765,395400,3210,377190,3610,365550,5000,357120,2935,357250,4050,348950,3585,350520,4590,334890,3980,338100,3060,330590,6520,293940,12060,204210,6520,088260,943,145270,3245,140910
2024-01-25,3730,404990,2655,396690,3275,400760,3765,395400,3200,377190,3655,365550,5030,357120,2925,357250,4045,348950,3560,350520,4620,334890,3980,338100,3025,330590,6530,293940,12370,204210,6530,088260,938,145270,3260,140910
2024-01-24,3695,404990,2655,396690,3280,400760,3765,395400,3190,377190,3615,365550,5070,357120,2920,357250,4045,348950,3570,350520,4630,334890,3980,338100,3005,330590,6530,293940,12230,204210,6530,088260,942,145270,3275,140910
2024-01-23,3635,404990,2660,396690,3280,400760,3770,395400,3155,377190,3640,365550,5010,357120,2905,357250,4045,348950,3590,350520,4615,334890,3980,338100,3000,330590,6550,293940,12300,204210,6550,088260,945,145270,3200,140910
2024-01-22,3580,404990,2660,396690,3275,400760,3790,395400,3155,377190,3620,365550,5050,357120,2900,357250,4045,348950,3620,350520,4600,334890,3995,338100,3010,330590,6550,293940,11910,204210,6550,088260,948,145270,3300,140910
2024-01-19,3610,404990,2650,396690,3275,400760,3805,395400,3145,377190,3580,365550,4995,357120,2885,357250,4045,348950,3645,350520,4535,334890,4000,338100,3000,330590,6500,293940,12120,204210,6500,088260,950,145270,3340,140910
2024-01-18,3580,404990,2635,396690,3275,400760,3820,395400,3150,377190,3585,365550,5000,357120,2875,357250,4055,348950,3660,350520,4500,334890,4000,338100,3010,330590,6500,293940,12120,204210,6500,088260,949,145270,3420,140910
2024-01-17,3570,404990,2645,396690,3285,400760,3855,395400,3170,377190,3560,365550,4990,357120,2860,357250,4045,348950,3685,350520,4510,334890,4000,338100,3025,330590,6500,293940,12200,204210,6500,088260,947,145270,3395,140910
2024-01-16,3550,404990,2710,396690,3305,400760,3895,395400,3210,377190,3620,365550,5010,357120,2880,357250,4085,348950,3705,350520,4525,334890,4015,338100,3065,330590,6530,293940,11990,204210,6530,088260,968,145270,3410,140910
2024-01-15,3585,404990,2750,396690,3310,400760,3900,395400,3210,377190,3645,365550,5020,357120,2900,357250,4105,348950,3715,350520,4580,334890,4020,338100,3045,330590,6480,293940,12370,204210,6480,088260,984,145270,3380,140910
2024-01-12,3570,404990,2765,396690,3315,400760,3890,395400,3210,377190,3650,365550,5030,357120,2860,357250,4110,348950,3705,350520,4640,334890,4025,338100,3075,330590,6520,293940,12370,204210,6520,088260,990,145270,3345,140910
2024-01-11,3630,404990,2775,396690,3320,400760,3905,395400,3210,377190,3675,365550,5090,357120,2860,357250,4140,348950,3740,350520,4685,334890,4020,338100,3090,330590,6530,293940,11870,204210,6530,088260,989,145270,3410,140910
2024-01-10,3630,404990,2755,396690,3340,400760,3920,395400,3210,377190,3660,365550,5130,357120,2865,357250,4140,348950,3745,350520,4680,334890,4030,338100,3090,330590,6630,293940,12200,204210,6630,088260,987,145270,3420,140910
2024-01-09,3580,404990,2790,396690,3330,400760,3930,395400,3215,377190,3670,365550,5160,357120,2890,357250,4135,348950,3760,350520,4690,334890,4025,338100,3100,330590,6610,293940,12150,204210,6610,088260,988,145270,3380,140910
2024-01-08,3620,404990,2745,396690,3355,400760,3950,395400,3215,377190,3660,365550,5170,357120,2885,357250,4130,348950,3760,350520,4710,334890,4025,338100,3080,330590,6580,293940,11410,204210,6580,088260,991,145270,3375,140910
2024-01-05,3670,404990,2715,396690,3360,400760,3965,395400,3235,377190,3645,365550,5130,357120,2880,357250,4135,348950,3785,350520,4670,334890,4030,338100,3120,330590,6550,293940,11800,204210,6550,088260,994,145270,3405,140910
2024-01-04,3695,404990,2745,396690,3380,400760,3970,395400,3245,377190,3665,365550,5210,357120,2905,357250,4185,348950,3795,350520,4695,334890,4040,338100,3175,330590,6520,293940,11680,204210,6520,088260,998,145270,3355,140910
2024-01-03,3665,404990,2760,396690,3380,400760,3970,395400,3245,377190,3720,365550,5200,357120,2875,357250,4180,348950,3785,350520,4645,334890,4045,338100,3200,330590,6470,293940,10750,204210,6470,088260,996,145270,3440,140910
2024-01-02,3680,404990,2765,396690,3380,400760,3970,395400,3250,377190,3700,365550,5220,357120,2870,357250,4175,348950,3790,350520,4600,334890,4045,338100,3180,330590,6500,293940,11140,204210,6500,088260,1006,145270,3455,140910
2023-12-28,3670,404990,2700,396690,3390,400760,3980,395400,3195,377190,3650,365550,5160,357120,2840,357250,4080,348950,3770,350520,4545,334890,4020,338100,3155,330590,6400,293940,11680,204210,6400,088260,1020,145270,3475,140910
2023-12-27,3730,404990,2685,396690,3380,400760,3970,395400,3195,377190,3655,365550,5170,357120,2830,357250,4065,348950,3750,350520,4535,334890,4000,338100,3140,330590,6470,293940,11580,204210,6470,088260,1014,145270,3410,140910
2023-12-26,3795,404990,2695,396690,3465,400760,3960,395400,3190,377190,3650,365550,5110,357120,2860,357250,4150,348950,3815,350520,4495,334890,4000,338100,3205,330590,6420,293940,12240,204210,6420,088260,1096,145270,3565,140910
2023-12-22,3740,404990,2720,396690,3475,400760,3920,395400,3205,377190,3670,365550,5110,357120,2965,357250,4210,348950,3815,350520,4525,334890,4000,338100,3215,330590,6480,293940,10950,204210,6480,088260,1080,145270,3450,140910
2023-12-21,3665,404990,2755,396690,3440,400760,3890,395400,3125,377190,3665,365550,5100,357120,2965,357250,4220,348950,3815,350520,4525,334890,3975,338100,3205,330590,6440,293940,11810,204210,6440,088260,1073,145270,3470,140910
2023-12-20,3685,404990,2720,396690,3450,400760,3885,395400,3120,377190,3660,365550,5040,357120,2970,357250,4220,348950,3785,350520,4505,334890,3995,338100,3205,330590,6430,293940,12150,204210,6430,088260,1071,145270,3470,140910
2023-12-19,3700,404990,2695,396690,3440,400760,3860,395400,3095,377190,3620,365550,5050,357120,2975,357250,4225,348950,3820,350520,4470,334890,4010,338100,3190,330590,6430,293940,12710,204210,6430,088260,1064,145270,3430,140910
2023-12-18,3780,404990,2680,396690,3460,400760,3895,395400,3140,377190,3625,365550,5140,357120,3005,357250,4245,348950,3815,350520,4555,334890,4060,338100,3175,330590,6470,293940,12200,204210,6470,088260,1057,145270,3495,140910
2023-12-15,3830,404990,2750,396690,3470,400760,4010,395400,3165,377190,3725,365550,5190,357120,3040,357250,4305,348950,3860,350520,4725,334890,4160,338100,3210,330590,6560,293940,12180,204210,6560,088260,1081,145270,3440,140910
2023-12-14,3810,404990,2675,396690,3515,400760,3980,395400,3265,377190,3675,365550,5340,357120,3040,357250,4315,348950,3855,350520,4735,334890,4170,338100,3210,330590,6650,293940,12780,204210,6650,088260,1080,145270,3510,140910
2023-12-13,3785,404990,2620,396690,3485,400760,3970,395400,3205,377190,3665,365550,5340,357120,3015,357250,4275,348950,3855,350520,4665,334890,4135,338100,3200,330590,6600,293940,12870,204210,6600,088260,1076,145270,3475,140910
2023-12-12,3765,404990,2620,396690,3485,400760,3975,395400,3165,377190,3630,365550,5320,357120,3010,357250,4245,348950,3850,350520,4665,334890,4115,338100,3200,330590,6590,293940,12890,204210,6590,088260,1065,145270,3400,140910
2023-12-11,3755,404990,2580,396690,3495,400760,4000,395400,3125,377190,3665,365550,5260,357120,2975,357250,4220,348950,3810,350520,4660,334890,4090,338100,3220,330590,6600,293940,14000,204210,6600,088260,1070,145270,3465,140910
2023-12-08,3760,404990,2525,396690,3520,400760,3995,395400,3135,377190,3750,365550,5290,357120,2970,357250,4230,348950,3860,350520,4640,334890,4105,338100,3230,330590,6640,293940,12800,204210,6640,088260,1064,145270,3450,140910
2023-12-07,3775,404990,2495,396690,3520,400760,3990,395400,3115,377190,3650,365550,5180,357120,2970,357250,4215,348950,3840,350520,4615,334890,4120,338100,3240,330590,6600,293940,12390,204210,6600,088260,1063,145270,3420,140910
2023-12-06,3750,404990,2460,396690,3520,400760,4010,395400,3125,377190,3625,365550,5240,357120,2940,357250,4270,348950,3875,350520,4670,334890,4145,338100,3235,330590,6570,293940,12600,204210,6570,088260,1057,145270,3520,140910
2023-12-05,3710,404990,2480,396690,3515,400760,4010,395400,3100,377190,3550,365550,5250,357120,2920,357250,4320,348950,3825,350520,4555,334890,4160,338100,3220,330590,6490,293940,12490,204210,6490,088260,1048,145270,3520,140910
2023-12-04,3680,404990,2480,396690,3510,400760,4010,395400,3100,377190,3540,365550,5170,357120,2990,357250,4350,348950,3835,350520,4500,334890,4165,338100,3170,330590,6480,293940,12410,204210,6480,088260,1036,145270,3520,140910
2023-12-01,3700,404990,2505,396690,3500,400760,4015,395400,3090,377190,3540,365550,5250,357120,2965,357250,4335,348950,3785,350520,4445,334890,4150,338100,3105,330590,6450,293940,11790,204210,6450,088260,1032,145270,3520,140910
2023-11-30,3665,404990,2545,396690,3490,400760,4030,395400,3095,377190,3465,365550,5310,357120,2965,357250,4270,348950,3720,350520,4440,334890,4190,338100,3045,330590,6460,293940,12810,204210,6460,088260,1028,145270,3600,140910
2023-11-29,3635,404990,2550,396690,3495,400760,4010,395400,3095,377190,3490,365550,5250,357120,2960,357250,4185,348950,3725,350520,4435,334890,4195,338100,3105,330590,6500,293940,12910,204210,6500,088260,1027,145270,3600,140910
2023-11-28,3615,404990,2545,396690,3485,400760,4015,395400,3100,377190,3560,365550,5410,357120,3060,357250,4195,348950,3710,350520,4425,334890,4470,338100,3175,330590,6510,293940,12750,204210,6510,088260,1024,145270,3580,140910
2023-11-27,3620,404990,2550,396690,3480,400760,4015,395400,3105,377190,3590,365550,5430,357120,3075,357250,4190,348950,3735,350520,4435,334890,4495,338100,3195,330590,6520,293940,9810,204210,6520,088260,1018,145270,3515,140910
2023-11-24,3630,404990,2520,396690,3460,400760,4030,395400,3095,377190,3700,365550,5460,357120,3075,357250,4160,348950,3700,350520,4410,334890,4505,338100,3190,330590,6490,293940,8050,204210,6490,088260,1023,145270,3520,140910
2023-11-23,3670,404990,2510,396690,3480,400760,4000,395400,3085,377190,3635,365550,5490,357120,3035,357250,4150,348950,3655,350520,4410,334890,4485,338100,3230,330590,6410,293940,7290,204210,6410,088260,1022,145270,3610,140910
2023-11-22,3695,404990,2430,396690,3495,400760,4035,395400,3120,377190,3620,365550,5450,357120,3010,357250,4145,348950,3670,350520,4400,334890,4475,338100,3230,330590,6230,293940,6410,204210,6230,088260,1019,145270,3580,140910
2023-11-21,3725,404990,2420,396690,3490,400760,4045,395400,3140,377190,3565,365550,5480,357120,3020,357250,4145,348950,3675,350520,4400,334890,4485,338100,3220,330590,6220,293940,6450,204210,6220,088260,1013,145270,3740,140910
2023-11-20,3715,404990,2440,396690,3505,400760,4070,395400,3125,377190,3525,365550,5530,357120,3210,357250,4160,348950,3690,350520,4375,334890,4480,338100,3200,330590,6230,293940,6070,204210,6230,088260,1024,145270,3765,140910
2023-11-17,3675,404990,2380,396690,3430,400760,3985,395400,3100,377190,3475,365550,5550,357120,3165,357250,4100,348950,3665,350520,4345,334890,4430,338100,3160,330590,6170,293940,6020,204210,6170,088260,1020,145270,3780,140910
2023-11-16,3640,404990,2370,396690,3390,400760,3980,395400,3090,377190,3410,365550,5550,357120,3140,357250,4070,348950,3640,350520,4330,334890,4390,338100,3100,330590,6190,293940,5970,204210,6190,088260,1020,145270,3740,140910
2023-11-15,3615,404990,2405,396690,3370,400760,3990,395400,3070,377190,3360,365550,5520,357120,3130,357250,4065,348950,3640,350520,4335,334890,4455,338100,3090,330590,6210,293940,5790,204210,6210,088260,1018,145270,3745,140910
2023-11-14,3525,404990,2370,396690,3340,400760,3955,395400,3025,377190,3275,365550,5500,357120,3125,357250,4015,348950,3610,350520,4295,334890,4410,338100,3035,330590,6240,293940,5690,204210,6240,088260,1019,145270,3740,140910
2023-11-13,3590,404990,2375,396690,3390,400760,3930,395400,3030,377190,3300,365550,5500,357120,3125,357250,4025,348950,3610,350520,4360,334890,4340,338100,3050,330590,6230,293940,5920,204210,6230,088260,1020,145270,3760,140910
2023-11-10,3610,404990,2430,396690,3395,400760,3920,395400,3025,377190,3330,365550,5470,357120,3120,357250,4025,348950,3615,350520,4370,334890,4300,338100,3060,330590,6230,293940,6470,204210,6230,088260,1013,145270,3745,140910
2023-11-09,3530,404990,2460,396690,3375,400760,3950,395400,3000,377190,3340,365550,5430,357120,3125,357250,4050,348950,3600,350520,4355,334890,4290,338100,3050,330590,6240,293940,5940,204210,6240,088260,1012,145270,3730,140910
2023-11-08,3470,404990,2510,396690,3365,400760,4000,395400,3020,377190,3340,365550,5410,357120,3120,357250,4050,348950,3570,350520,4325,334890,4295,338100,3065,330590,6200,293940,5450,204210,6200,088260,1024,145270,3770,140910
2023-11-07,3405,404990,2550,396690,3380,400760,3980,395400,3040,377190,3310,365550,5400,357120,3095,357250,4060,348950,3570,350520,4280,334890,4265,338100,3000,330590,6180,293940,5300,204210,6180,088260,1029,145270,3785,140910
2023-11-06,3465,404990,2600,396690,3400,400760,4020,395400,3025,377190,3395,365550,5350,357120,3115,357250,4065,348950,3575,350520,4275,334890,4280,338100,3040,330590,6200,293940,5750,204210,6200,088260,1033,145270,3785,140910
2023-11-03,3360,404990,2620,396690,3320,400760,3890,395400,3010,377190,3310,365550,5430,357120,3080,357250,4030,348950,3540,350520,4215,334890,4230,338100,3010,330590,6140,293940,5700,204210,6140,088260,1004,145270,3775,140910
2023-11-02,3330,404990,2570,396690,3260,400760,3780,395400,2950,377190,3185,365550,5400,357120,3055,357250,3960,348950,3500,350520,4130,334890,4185,338100,2925,330590,6100,293940,5300,204210,6100,088260,1000,145270,3665,140910
2023-11-01,3320,404990,2550,396690,3255,400760,3750,395400,2955,377190,3175,365550,5390,357120,3035,357250,3930,348950,3525,350520,4125,334890,4190,338100,2865,330590,6120,293940,5120,204210,6120,088260,1001,145270,3505,140910
2023-10-31,3265,404990,2555,396690,3260,400760,3760,395400,2950,377190,3200,365550,5330,357120,3000,357250,3935,348950,3525,350520,4115,334890,4190,338100,2875,330590,6130,293940,4880,204210,6130,088260,996,145270,3435,140910
2023-10-30,3295,404990,2575,396690,3260,400760,3785,395400,2940,377190,3220,365550,5320,357120,3010,357250,3980,348950,3520,350520,4115,334890,4220,338100,2870,330590,6090,293940,4810,204210,6090,088260,999,145270,3320,140910
2023-10-27,3295,404990,2565,396690,3275,400760,3795,395400,2940,377190,3225,365550,5360,357120,3000,357250,3940,348950,3515,350520,4120,334890,4200,338100,2855,330590,6090,293940,4710,204210,6090,088260,1002,145270,3390,140910
2023-10-26,3300,404990,2650,396690,3305,400760,3785,395400,2930,377190,3220,365550,5310,357120,3020,357250,3945,348950,3525,350520,4120,334890,4200,338100,2865,330590,6080,293940,4705,204210,6080,088260,996,145270,3390,140910
2023-10-25,3380,404990,2690,396690,3340,400760,3825,395400,2995,377190,3285,365550,5340,357120,3045,357250,3955,348950,3525,350520,4125,334890,4205,338100,2935,330590,6140,293940,4740,204210,6140,088260,1004,145270,3370,140910
2023-10-24,3340,404990,2690,396690,3305,400760,3830,395400,2955,377190,3300,365550,5260,357120,3020,357250,3895,348950,3525,350520,4095,334890,4190,338100,2870,330590,6130,293940,4750,204210,6130,088260,1000,145270,3450,140910
2023-10-23,3275,404990,2690,396690,3250,400760,3835,395400,2960,377190,3290,365550,5170,357120,3015,357250,3885,348950,3520,350520,4095,334890,4120,338100,2850,330590,6090,293940,4700,204210,6090,088260,1005,145270,3425,140910
2023-10-20,3415,404990,2760,396690,3295,400760,3940,395400,3020,377190,3390,365550,5250,357120,3065,357250,3955,348950,3545,350520,4150,334890,4240,338100,2920,330590,6090,293940,4750,204210,6090,088260,1007,145270,3455,140910
2023-10-19,3430,404990,2775,396690,3335,400760,3980,395400,3045,377190,3415,365550,5310,357120,3100,357250,3995,348950,3545,350520,4190,334890,4200,338100,2955,330590,6110,293940,4715,204210,6110,088260,1005,145270,3495,140910
2023-10-18,3460,404990,2900,396690,3350,400760,4100,395400,3050,377190,3520,365550,5410,357120,3105,357250,4025,348950,3565,350520,4210,334890,4175,338100,3025,330590,6180,293940,4695,204210,6180,088260,1017,145270,3505,140910
2023-10-17,3395,404990,2900,396690,3330,400760,4135,395400,3060,377190,3525,365550,5400,357120,3125,357250,4050,348950,3580,350520,4205,334890,4130,338100,3015,330590,6160,293940,4725,204210,6160,088260,1015,145270,3500,140910
2023-10-16,3380,404990,2895,396690,3320,400760,4170,395400,3075,377190,3505,365550,5400,357120,3125,357250,4020,348950,3585,350520,4180,334890,4085,338100,2985,330590,6140,293940,4695,204210,6140,088260,1009,145270,3460,140910
2023-10-13,3370,404990,2915,396690,3300,400760,4160,395400,3090,377190,3500,365550,5390,357120,3130,357250,4035,348950,3590,350520,4165,334890,4070,338100,2950,330590,6120,293940,4645,204210,6120,088260,1008,145270,3460,140910
2023-10-12,3360,404990,2935,396690,3340,400760,4245,395400,3090,377190,3560,365550,5430,357120,3130,357250,4030,348950,3575,350520,4140,334890,4070,338100,3075,330590,6140,293940,4530,204210,6140,088260,1008,145270,3460,140910
2023-10-11,3315,404990,2950,396690,3305,400760,4275,395400,3080,377190,3580,365550,5490,357120,3140,357250,4040,348950,3535,350520,4120,334890,4065,338100,3100,330590,6140,293940,4460,204210,6140,088260,1015,145270,3450,140910
2023-10-10,3300,404990,2955,396690,3310,400760,4230,395400,3055,377190,3595,365550,5400,357120,3120,357250,3995,348950,3595,350520,4095,334890,4040,338100,3100,330590,6090,293940,4410,204210,6090,088260,1014,145270,3450,140910
2023-10-06,3295,404990,2960,396690,3310,400760,4160,395400,3040,377190,3625,365550,5400,357120,3180,357250,4020,348950,3615,350520,4115,334890,4065,338100,3110,330590,6110,293940,4500,204210,6110,088260,1010,145270,3450,140910
2023-10-05,3275,404990,2995,396690,3275,400760,4140,395400,2980,377190,3640,365550,5400,357120,3100,357250,4030,348950,3580,350520,4100,334890,4055,338100,3110,330590,6110,293940,4545,204210,6110,088260,1000,145270,3330,140910
2023-10-04,3290,404990,3045,396690,3275,400760,4165,395400,3060,377190,3680,365550,5500,357120,3095,357250,4030,348950,3590,350520,4105,334890,4050,338100,3175,330590,6100,293940,4535,204210,6100,088260,1000,145270,3400,140910
2023-09-27,3300,404990,3050,396690,3350,400760,4200,395400,3065,377190,3785,365550,5500,357120,3130,357250,4070,348950,3610,350520,4185,334890,4065,338100,3270,330590,6130,293940,4630,204210,6130,088260,1008,145270,3510,140910
2023-09-26,3235,404990,3120,396690,3225,400760,4185,395400,3060,377190,3790,365550,5520,357120,3130,357250,4030,348950,3630,350520,4175,334890,4050,338100,3285,330590,6080,293940,4635,204210,6080,088260,1007,145270,3545,140910
2023-09-25,3255,404990,3240,396690,3250,400760,4230,395400,3190,377190,3765,365550,5510,357120,3155,357250,4050,348950,3610,350520,4165,334890,4070,338100,3310,330590,6130,293940,4455,204210,6130,088260,1010,145270,3540,140910
2023-09-22,3275,404990,3225,396690,3280,400760,4280,395400,3205,377190,3715,365550,5550,357120,3165,357250,4055,348950,3590,350520,4170,334890,4060,338100,3325,330590,6180,293940,4370,204210,6180,088260,1017,145270,3600,140910
2023-09-21,3275,404990,3250,396690,3260,400760,4285,395400,3220,377190,3750,365550,5570,357120,3150,357250,4100,348950,3570,350520,4170,334890,4055,338100,3340,330590,6240,293940,4305,204210,6240,088260,1015,145270,3615,140910
2023-09-20,3260,404990,3250,396690,3295,400760,4305,395400,3225,377190,3730,365550,5590,357120,3210,357250,4105,348950,3560,350520,4230,334890,4070,338100,3380,330590,6270,293940,4330,204210,6270,088260,1031,145270,3600,140910
2023-09-19,3245,404990,3250,396690,3285,400760,4410,395400,3225,377190,3800,365550,5590,357120,3220,357250,4090,348950,3565,350520,4235,334890,4070,338100,3390,330590,6240,293940,4305,204210,6240,088260,1031,145270,3690,140910
2023-09-18,3240,404990,3200,396690,3290,400760,4360,395400,3220,377190,3760,365550,5640,357120,3215,357250,4065,348950,3560,350520,4155,334890,4070,338100,3415,330590,6220,293940,4330,204210,6220,088260,1029,145270,3700,140910
2023-09-15,3205,404990,3180,396690,3290,400760,4505,395400,3180,377190,3760,365550,5660,357120,3175,357250,4140,348950,3555,350520,4200,334890,4040,338100,3430,330590,6190,293940,4310,204210,6190,088260,1029,145270,3615,140910
2023-09-14,3255,404990,3185,396690,3230,400760,4295,395400,3150,377190,3865,365550,5550,357120,3165,357250,4040,348950,3565,350520,4305,334890,4035,338100,3375,330590,6150,293940,4280,204210,6150,088260,1012,145270,3680,140910
2023-09-13,3270,404990,3170,396690,3260,400760,4275,395400,3125,377190,3890,365550,5540,357120,3155,357250,4025,348950,3570,350520,4300,334890,4040,338100,3395,330590,6200,293940,4225,204210,6200,088260,1001,145270,3680,140910
2023-09-12,3250,404990,3175,396690,3215,400760,4275,395400,3125,377190,3920,365550,5550,357120,3165,357250,4035,348950,3570,350520,4335,334890,4045,338100,3420,330590,6200,293940,4270,204210,6200,088260,1014,145270,3690,140910
2023-09-11,3280,404990,3185,396690,3260,400760,4320,395400,3115,377190,3950,365550,5620,357120,3140,357250,4035,348950,3570,350520,4345,334890,4055,338100,3440,330590,6230,293940,4300,204210,6230,088260,1012,145270,3670,140910
2023-09-08,3220,404990,3160,396690,3260,400760,4375,395400,3090,377190,3965,365550,5600,357120,3085,357250,4060,348950,3570,350520,4355,334890,4065,338100,3450,330590,6250,293940,4290,204210,6250,088260,1003,145270,3740,140910
2023-09-07,3270,404990,3145,396690,3235,400760,4520,395400,3045,377190,3925,365550,5600,357120,3080,357250,4000,348950,3590,350520,4300,334890,4050,338100,3430,330590,6270,293940,4235,204210,6270,088260,997,145270,3750,140910
2023-09-06,3310,404990,3120,396690,3235,400760,4555,395400,3040,377190,4000,365550,5560,357120,3065,357250,4070,348950,3575,350520,4290,334890,4075,338100,3420,330590,6270,293940,4215,204210,6270,088260,998,145270,3740,140910
2023-09-05,3345,404990,3130,396690,3250,400760,4550,395400,3045,377190,4000,365550,5550,357120,3090,357250,4040,348950,3600,350520,4340,334890,4080,338100,3400,330590,6290,293940,4220,204210,6290,088260,996,145270,3725,140910
2023-09-04,3385,404990,3210,396690,3280,400760,4570,395400,3075,377190,3995,365550,5540,357120,3110,357250,4070,348950,3670,350520,4350,334890,4105,338100,3430,330590,6270,293940,4150,204210,6270,088260,997,145270,3560,140910
2023-09-01,3395,404990,3255,396690,3305,400760,4575,395400,3110,377190,3995,365550,5530,357120,3120,357250,4140,348950,3660,350520,4435,334890,4100,338100,3435,330590,6250,293940,4035,204210,6250,088260,999,145270,3710,140910
2023-08-31,3385,404990,3200,396690,3300,400760,4650,395400,3120,377190,3925,365550,5530,357120,3120,357250,4165,348950,3655,350520,4455,334890,4105,338100,3405,330590,6220,293940,4015,204210,6220,088260,1000,145270,3690,140910
2023-08-30,3340,404990,3140,396690,3280,400760,4510,395400,3110,377190,3990,365550,5470,357120,3090,357250,4085,348950,3645,350520,4475,334890,4105,338100,3445,330590,6170,293940,4035,204210,6170,088260,1002,145270,3745,140910
2023-08-29,3300,404990,3110,396690,3245,400760,4485,395400,3065,377190,3970,365550,5410,357120,3080,357250,4040,348950,3640,350520,4535,334890,4095,338100,3420,330590,6150,293940,4020,204210,6150,088260,994,145270,3715,140910
2023-08-28,3275,404990,3095,396690,3200,400760,4485,395400,3035,377190,3950,365550,5400,357120,3080,357250,3990,348950,3640,350520,4455,334890,4100,338100,3370,330590,6090,293940,4035,204210,6090,088260,999,145270,3700,140910
2023-08-25,3160,404990,3050,396690,3090,400760,4310,395400,2970,377190,3890,365550,5320,357120,3045,357250,3875,348950,3635,350520,4365,334890,4030,338100,3355,330590,6060,293940,4040,204210,6060,088260,993,145270,3650,140910
2023-08-24,3135,404990,3055,396690,3075,400760,4330,395400,2970,377190,3940,365550,5290,357120,3010,357250,3845,348950,3610,350520,4340,334890,3990,338100,3390,330590,6020,293940,4030,204210,6020,088260,999,145270,3745,140910
2023-08-23,3105,404990,3040,396690,3035,400760,4285,395400,2955,377190,3905,365550,5200,357120,3020,357250,3845,348950,3595,350520,4335,334890,3985,338100,3400,330590,6010,293940,4010,204210,6010,088260,1000,145270,3665,140910
2023-08-22,3105,404990,2995,396690,3030,400760,4270,395400,2955,377190,3890,365550,5190,357120,3025,357250,3890,348950,3615,350520,4340,334890,4000,338100,3405,330590,6000,293940,4010,204210,6000,088260,1001,145270,3740,140910
2023-08-21,3085,404990,2985,396690,3055,400760,4305,395400,2970,377190,3900,365550,5220,357120,3025,357250,3865,348950,3630,350520,4280,334890,3995,338100,3400,330590,5980,293940,4020,204210,5980,088260,997,145270,3670,140910
2023-08-18,3130,404990,2970,396690,3065,400760,4310,395400,2975,377190,3880,365550,5310,357120,3055,357250,3815,348950,3635,350520,4290,334890,4035,338100,3380,330590,5990,293940,4025,204210,5990,088260,991,145270,3720,140910
2023-08-17,3080,404990,2960,396690,3055,400760,4335,395400,2970,377190,3875,365550,5320,357120,3070,357250,3815,348950,3640,350520,4275,334890,4025,338100,3390,330590,5930,293940,3990,204210,5930,088260,993,145270,3500,140910
2023-08-16,3145,404990,2990,396690,3070,400760,4380,395400,3000,377190,3970,365550,5420,357120,3045,357250,3880,348950,3625,350520,4330,334890,4075,338100,3385,330590,5960,293940,4000,204210,5960,088260,997,145270,3765,140910
2023-08-14,3245,404990,2990,396690,3075,400760,4370,395400,3015,377190,3910,365550,5450,357120,3040,357250,3895,348950,3645,350520,4345,334890,4070,338100,3425,330590,5990,293940,3995,204210,5990,088260,998,145270,3850,140910
2023-08-11,3315,404990,3000,396690,3080,400760,4320,395400,3015,377190,3870,365550,5300,357120,3060,357250,3800,348950,3670,350520,4325,334890,4100,338100,3420,330590,6000,293940,4000,204210,6000,088260,1009,145270,3840,140910
2023-08-10,3095,404990,3000,396690,3055,400760,4200,395400,2980,377190,3810,365550,5300,357120,3050,357250,3830,348950,3645,350520,4425,334890,4140,338100,3425,330590,6110,293940,3950,204210,6110,088260,1001,145270,3845,140910
2023-08-09,3080,404990,3000,396690,3120,400760,4465,395400,2990,377190,3885,365550,5450,357120,3040,357250,3900,348950,3635,350520,4430,334890,4130,338100,3455,330590,6240,293940,3905,204210,6240,088260,1003,145270,3890,140910
2023-08-08,3115,404990,3000,396690,3160,400760,4590,395400,3030,377190,3945,365550,5490,357120,3030,357250,3910,348950,3650,350520,4405,334890,4120,338100,3485,330590,6140,293940,3895,204210,6140,088260,1005,145270,3670,140910
2023-08-07,3120,404990,3025,396690,3200,400760,4570,395400,3070,377190,3920,365550,5420,357120,3065,357250,3980,348950,3665,350520,4550,334890,4225,338100,3510,330590,6180,293940,3915,204210,6180,088260,1008,145270,3660,140910
2023-08-04,3120,404990,3025,396690,3210,400760,4590,395400,3080,377190,3940,365550,5480,357120,3075,357250,4000,348950,3675,350520,4590,334890,4225,338100,3490,330590,6210,293940,3890,204210,6210,088260,1000,145270,3655,140910
2023-08-03,3165,404990,3025,396690,3215,400760,4570,395400,3070,377190,3940,365550,5500,357120,3075,357250,4020,348950,3685,350520,4585,334890,4165,338100,3495,330590,6240,293940,3885,204210,6240,088260,1004,145270,3625,140910
2023-08-02,3110,404990,3025,396690,3225,400760,4580,395400,3070,377190,3965,365550,5500,357120,3150,357250,4040,348950,3695,350520,4595,334890,4190,338100,3505,330590,6220,293940,3940,204210,6220,088260,1008,145270,3700,140910
2023-08-01,3150,404990,3055,396690,3235,400760,4655,395400,3080,377190,3995,365550,5500,357120,3160,357250,4040,348950,3740,350520,4595,334890,4160,338100,3550,330590,6220,293940,3965,204210,6220,088260,1013,145270,3605,140910
2023-07-31,3125,404990,3065,396690,3225,400760,4560,395400,3030,377190,3965,365550,5490,357120,3165,357250,4030,348950,3695,350520,4530,334890,4120,338100,3520,330590,6180,293940,3900,204210,6180,088260,997,145270,3535,140910
2023-07-28,3140,404990,3095,396690,3235,400760,4650,395400,3025,377190,3900,365550,5420,357120,3100,357250,4060,348950,3685,350520,4495,334890,4100,338100,3545,330590,6130,293940,3835,204210,6130,088260,996,145270,3550,140910
2023-07-27,3120,404990,3140,396690,3235,400760,4715,395400,3030,377190,3900,365550,5470,357120,3060,357250,4010,348950,3680,350520,4460,334890,4060,338100,3555,330590,6130,293940,3800,204210,6130,088260,996,145270,3650,140910
2023-07-26,3150,404990,3140,396690,3270,400760,4790,395400,3050,377190,3895,365550,5580,357120,3025,357250,4060,348950,3700,350520,4460,334890,4090,338100,3610,330590,6190,293940,3790,204210,6190,088260,992,145270,3420,140910
2023-07-25,3160,404990,3165,396690,3300,400760,4875,395400,3095,377190,3855,365550,5590,357120,3050,357250,4110,348950,3690,350520,4400,334890,4130,338100,3635,330590,6240,293940,3785,204210,6240,088260,1006,145270,3735,140910
2023-07-24,3200,404990,3245,396690,3325,400760,4925,395400,3105,377190,3895,365550,5590,357120,3030,357250,4085,348950,3770,350520,4400,334890,4160,338100,3645,330590,6250,293940,3725,204210,6250,088260,1008,145270,3820,140910
2023-07-21,3250,404990,3280,396690,3340,400760,4935,395400,3170,377190,3910,365550,5630,357120,3080,357250,4150,348950,3805,350520,4420,334890,4225,338100,3650,330590,6270,293940,3670,204210,6270,088260,1009,145270,3895,140910
2023-07-20,3250,404990,3280,396690,3350,400760,4935,395400,3170,377190,3920,365550,5570,357120,3115,357250,4145,348950,3795,350520,4475,334890,4210,338100,3625,330590,6190,293940,3695,204210,6190,088260,1023,145270,3910,140910
2023-07-19,3250,404990,3310,396690,3340,400760,4940,395400,3180,377190,3955,365550,5580,357120,3130,357250,4150,348950,3800,350520,4450,334890,4175,338100,3635,330590,6110,293940,3685,204210,6110,088260,1006,145270,3900,140910
2023-07-18,3250,404990,3300,396690,3375,400760,4970,395400,3190,377190,3965,365550,5620,357120,3115,357250,4150,348950,3805,350520,4570,334890,4190,338100,3630,330590,6160,293940,3675,204210,6160,088260,1014,145270,3855,140910
2023-07-17,3305,404990,3340,396690,3445,400760,5010,395400,3210,377190,3995,365550,5630,357120,3125,357250,4180,348950,3790,350520,4575,334890,4200,338100,3660,330590,6180,293940,3690,204210,6180,088260,1026,145270,3900,140910
2023-07-14,3330,404990,3350,396690,3405,400760,5040,395400,3230,377190,4010,365550,5540,357120,3190,357250,4250,348950,3790,350520,4500,334890,4200,338100,3720,330590,6230,293940,3730,204210,6230,088260,1027,145270,3900,140910
2023-07-13,3400,404990,3340,396690,3415,400760,5010,395400,3235,377190,3995,365550,5640,357120,3200,357250,4305,348950,3815,350520,4405,334890,4165,338100,3680,330590,6180,293940,3715,204210,6180,088260,1027,145270,3745,140910
2023-07-12,3250,404990,3310,396690,3350,400760,4970,395400,3170,377190,3910,365550,5590,357120,3170,357250,4170,348950,3765,350520,4390,334890,4200,338100,3630,330590,6160,293940,3770,204210,6160,088260,1013,145270,3730,140910
2023-07-11,3220,404990,3305,396690,3335,400760,4925,395400,3170,377190,3895,365550,5580,357120,3170,357250,4140,348950,3770,350520,4400,334890,4220,338100,3580,330590,6160,293940,3805,204210,6160,088260,1012,145270,3730,140910
2023-07-10,3235,404990,3300,396690,3335,400760,5020,395400,3170,377190,3825,365550,5590,357120,3160,357250,4040,348950,3795,350520,4420,334890,4185,338100,3575,330590,6170,293940,3755,204210,6170,088260,1007,145270,3730,140910
2023-07-07,3280,404990,3310,396690,3305,400760,5080,395400,3210,377190,3885,365550,5620,357120,3150,357250,4080,348950,3805,350520,4450,334890,4230,338100,3635,330590,6170,293940,3805,204210,6170,088260,1006,145270,3815,140910
2023-07-06,3295,404990,3305,396690,3335,400760,5000,395400,3225,377190,4000,365550,5640,357120,3240,357250,4120,348950,3810,350520,4495,334890,4275,338100,3640,330590,6220,293940,3820,204210,6220,088260,1001,145270,3945,140910
2023-07-05,3360,404990,3330,396690,3395,400760,4955,395400,3235,377190,3985,365550,5650,357120,3255,357250,4120,348950,3810,350520,4600,334890,4355,338100,3645,330590,6220,293940,3925,204210,6220,088260,1007,145270,3965,140910
2023-07-04,3390,404990,3340,396690,3440,400760,4995,395400,3255,377190,4045,365550,5640,357120,3275,357250,4195,348950,3820,350520,4645,334890,4355,338100,3705,330590,6240,293940,3905,204210,6240,088260,1017,145270,3940,140910
2023-07-03,3440,404990,3370,396690,3455,400760,5070,395400,3260,377190,4075,365550,5620,357120,3350,357250,4220,348950,3820,350520,4670,334890,4380,338100,3655,330590,6250,293940,3830,204210,6250,088260,1022,145270,3955,140910
2023-06-30,3450,404990,3370,396690,3500,400760,5110,395400,3265,377190,4010,365550,5570,357120,3320,357250,4285,348950,3815,350520,4645,334890,4390,338100,3655,330590,6210,293940,3890,204210,6210,088260,1027,145270,3960,140910
2023-06-29,3515,404990,3365,396690,3550,400760,5100,395400,3270,377190,4010,365550,5530,357120,3325,357250,4305,348950,3815,350520,4645,334890,4350,338100,3650,330590,6160,293940,3870,204210,6160,088260,1021,145270,3980,140910
2023-06-28,3650,404990,3370,396690,3685,400760,5200,395400,3285,377190,3995,365550,5510,357120,3360,357250,4440,348950,3940,350520,4635,334890,4270,338100,3795,330590,6140,293940,3910,204210,6140,088260,1033,145270,4000,140910
2023-06-27,3650,404990,3410,396690,3645,400760,5140,395400,3280,377190,4000,365550,5480,357120,3420,357250,4485,348950,3900,350520,4625,334890,4310,338100,3810,330590,6140,293940,3900,204210,6140,088260,1032,145270,3960,140910
2023-06-26,3630,404990,3430,396690,3635,400760,5120,395400,3270,377190,4010,365550,5480,357120,3435,357250,4405,348950,3915,350520,4565,334890,4315,338100,3765,330590,6140,293940,3915,204210,6140,088260,1031,145270,3935,140910
2023-06-23,3645,404990,3440,396690,3640,400760,5170,395400,3265,377190,4000,365550,5400,357120,3445,357250,4400,348950,3930,350520,4575,334890,4310,338100,3790,330590,6130,293940,3885,204210,6130,088260,1020,145270,3925,140910
2023-06-22,3625,404990,3440,396690,3625,400760,5190,395400,3275,377190,4120,365550,5430,357120,3490,357250,4480,348950,3940,350520,4650,334890,4305,338100,3875,330590,6140,293940,3880,204210,6140,088260,1029,145270,3995,140910
2023-06-21,3655,404990,3450,396690,3620,400760,5160,395400,3310,377190,4165,365550,5440,357120,3490,357250,4535,348950,3965,350520,4690,334890,4325,338100,3880,330590,6100,293940,3955,204210,6100,088260,1030,145270,4020,140910
2023-06-20,3665,404990,3455,396690,3640,400760,5200,395400,3335,377190,4235,365550,5430,357120,3500,357250,4575,348950,4005,350520,4700,334890,4365,338100,3915,330590,6100,293940,4075,204210,6100,088260,1034,145270,3995,140910
2023-06-19,3645,404990,3455,396690,3650,400760,5130,395400,3320,377190,4110,365550,5510,357120,3505,357250,4575,348950,3965,350520,4690,334890,4395,338100,3890,330590,6100,293940,3975,204210,6100,088260,1043,145270,3990,140910
2023-06-16,3645,404990,3500,396690,3665,400760,5170,395400,3305,377190,4045,365550,5490,357120,3500,357250,4565,348950,3965,350520,4905,334890,4405,338100,3900,330590,6120,293940,3905,204210,6120,088260,1040,145270,3985,140910
2023-06-15,3620,404990,3515,396690,3670,400760,5060,395400,3305,377190,4060,365550,5510,357120,3515,357250,4570,348950,3965,350520,4900,334890,4405,338100,3875,330590,6190,293940,3800,204210,6190,088260,1036,145270,3890,140910
2023-06-14,3670,404990,3515,396690,3715,400760,5140,395400,3345,377190,4095,365550,5570,357120,3530,357250,4585,348950,3980,350520,4860,334890,4415,338100,3955,330590,6240,293940,3895,204210,6240,088260,1041,145270,3945,140910
2023-06-13,3760,404990,3575,396690,3750,400760,5200,395400,3370,377190,4165,365550,5550,357120,3550,357250,4610,348950,3990,350520,4815,334890,4445,338100,3975,330590,6250,293940,4000,204210,6250,088260,1069,145270,3855,140910
2023-06-12,3750,404990,3560,396690,3755,400760,5200,395400,3390,377190,4230,365550,5580,357120,3560,357250,4615,348950,3980,350520,4790,334890,4455,338100,4005,330590,6280,293940,3940,204210,6280,088260,1070,145270,3940,140910
2023-06-09,3730,404990,3535,396690,3720,400760,5190,395400,3390,377190,4255,365550,5560,357120,3570,357250,4615,348950,3915,350520,4770,334890,4480,338100,4000,330590,6260,293940,3595,204210,6260,088260,1079,145270,3940,140910
2023-06-08,3730,404990,3570,396690,3740,400760,5150,395400,3390,377190,4280,365550,5550,357120,3580,357250,4615,348950,3920,350520,4660,334890,4460,338100,4010,330590,6270,293940,3610,204210,6270,088260,1041,145270,3775,140910
2023-06-07,3710,404990,3575,396690,3740,400760,5170,395400,3400,377190,4280,365550,5590,357120,3580,357250,4625,348950,3945,350520,4760,334890,4455,338100,3980,330590,6320,293940,3640,204210,6320,088260,1036,145270,3775,140910
2023-06-05,3725,404990,3525,396690,3710,400760,5170,395400,3370,377190,4220,365550,5590,357120,3575,357250,4610,348950,3940,350520,4995,334890,4410,338100,3975,330590,6300,293940,3640,204210,6300,088260,1034,145270,3775,140910
2023-06-02,3655,404990,3390,396690,3670,400760,5140,395400,3310,377190,4230,365550,5570,357120,3560,357250,4570,348950,3900,350520,4955,334890,4365,338100,3935,330590,6250,293940,3635,204210,6250,088260,1024,145270,3810,140910
2023-06-01,3685,404990,3390,396690,3680,400760,5160,395400,3305,377190,4230,365550,5580,357120,3550,357250,4565,348950,3905,350520,4965,334890,4360,338100,3940,330590,6200,293940,3570,204210,6200,088260,1032,145270,3800,140910
2023-05-31,3610,404990,3400,396690,3670,400760,5130,395400,3310,377190,4165,365550,5520,357120,3575,357250,4545,348950,3910,350520,4970,334890,4375,338100,3915,330590,6300,293940,3540,204210,6300,088260,1047,145270,3730,140910
2023-05-30,3595,404990,3400,396690,3630,400760,5250,395400,3315,377190,4130,365550,5460,357120,3560,357250,4530,348950,3910,350520,4865,334890,4375,338100,3915,330590,6340,293940,3600,204210,6340,088260,1020,145270,3680,140910
2023-05-26,3560,404990,3400,396690,3620,400760,5190,395400,3310,377190,4160,365550,5560,357120,3640,357250,4490,348950,3930,350520,4805,334890,4400,338100,3870,330590,6280,293940,3575,204210,6280,088260,1002,145270,3690,140910
2023-05-25,3570,404990,3415,396690,3615,400760,5190,395400,3330,377190,4165,365550,5500,357120,3685,357250,4490,348950,3955,350520,4780,334890,4420,338100,3890,330590,6230,293940,3555,204210,6230,088260,1008,145270,3705,140910
2023-05-24,3575,404990,3410,396690,3620,400760,5160,395400,3340,377190,4170,365550,5520,357120,3675,357250,4490,348950,3960,350520,4780,334890,4440,338100,3885,330590,6200,293940,3610,204210,6200,088260,1005,145270,3740,140910
2023-05-23,3565,404990,3410,396690,3625,400760,5120,395400,3345,377190,4180,365550,5550,357120,3670,357250,4475,348950,3960,350520,4800,334890,4460,338100,3885,330590,6190,293940,3615,204210,6190,088260,1003,145270,3740,140910
2023-05-22,3560,404990,3430,396690,3615,400760,5170,395400,3355,377190,4200,365550,5520,357120,3685,357250,4510,348950,3975,350520,4825,334890,4490,338100,3905,330590,6180,293940,3685,204210,6180,088260,1010,145270,3730,140910
2023-05-19,3520,404990,3430,396690,3590,400760,5170,395400,3335,377190,4205,365550,5490,357120,3690,357250,4520,348950,3885,350520,4815,334890,4490,338100,3860,330590,6150,293940,3730,204210,6150,088260,1010,145270,3705,140910
2023-05-18,3530,404990,3445,396690,3620,400760,5140,395400,3330,377190,4100,365550,5460,357120,3670,357250,4520,348950,3875,350520,4810,334890,4485,338100,3875,330590,6140,293940,3750,204210,6140,088260,1010,145270,3720,140910
2023-05-17,3555,404990,3435,396690,3600,400760,5100,395400,3335,377190,4130,365550,5460,357120,3665,357250,4480,348950,3870,350520,4815,334890,4470,338100,3870,330590,6080,293940,3755,204210,6080,088260,1012,145270,3730,140910
2023-05-16,3590,404990,3440,396690,3625,400760,5140,395400,3355,377190,4175,365550,5460,357120,3660,357250,4470,348950,3865,350520,4815,334890,4465,338100,3895,330590,6120,293940,3780,204210,6120,088260,1010,145270,3620,140910
2023-05-15,3590,404990,3445,396690,3615,400760,5100,395400,3355,377190,4040,365550,5390,357120,3660,357250,4400,348950,3830,350520,4785,334890,4445,338100,3830,330590,6040,293940,3775,204210,6040,088260,1010,145270,3670,140910
2023-05-12,3540,404990,3445,396690,3585,400760,5130,395400,3365,377190,3990,365550,5360,357120,3645,357250,4395,348950,3850,350520,4705,334890,4415,338100,3790,330590,5940,293940,3780,204210,5940,088260,1009,145270,3685,140910
2023-05-11,3540,404990,3445,396690,3615,400760,5110,395400,3360,377190,3945,365550,5400,357120,3655,357250,4385,348950,3890,350520,4710,334890,4410,338100,3795,330590,5800,293940,3825,204210,5800,088260,1010,145270,3710,140910
2023-05-10,3505,404990,3485,396690,3580,400760,5040,395400,3365,377190,3885,365550,5380,357120,3640,357250,4355,348950,3855,350520,4705,334890,4355,338100,3755,330590,5670,293940,3840,204210,5670,088260,1008,145270,3700,140910
2023-05-09,3490,404990,3505,396690,3515,400760,5040,395400,3375,377190,3910,365550,5390,357120,3640,357250,4350,348950,3835,350520,4705,334890,4335,338100,3755,330590,5790,293940,3860,204210,5790,088260,1012,145270,3730,140910
2023-05-08,3490,404990,3505,396690,3480,400760,5030,395400,3320,377190,3905,365550,5280,357120,3585,357250,4350,348950,3840,350520,4705,334890,4325,338100,3710,330590,5790,293940,3860,204210,5790,088260,1014,145270,3665,140910
2023-05-04,3460,404990,3510,396690,3445,400760,5100,395400,3305,377190,3775,365550,5290,357120,3570,357250,4325,348950,3795,350520,4690,334890,4320,338100,3670,330590,5800,293940,3825,204210,5800,088260,1013,145270,3640,140910
2023-05-03,3440,404990,3515,396690,3425,400760,4965,395400,3305,377190,3790,365550,5290,357120,3545,357250,4335,348950,3780,350520,4690,334890,4325,338100,3635,330590,5820,293940,3825,204210,5820,088260,1012,145270,3550,140910
2023-05-02,3440,404990,3530,396690,3430,400760,4955,395400,3295,377190,3825,365550,5260,357120,3550,357250,4370,348950,3755,350520,4665,334890,4275,338100,3625,330590,5800,293940,3810,204210,5800,088260,1004,145270,3595,140910
2023-04-28,3440,404990,3500,396690,3380,400760,4930,395400,3270,377190,3760,365550,5170,357120,3545,357250,4415,348950,3765,350520,4685,334890,4275,338100,3605,330590,5870,293940,3895,204210,5870,088260,1000,145270,3620,140910
2023-04-27,3420,404990,3500,396690,3375,400760,4905,395400,3280,377190,3685,365550,5110,357120,3540,357250,4310,348950,3760,350520,4705,334890,4235,338100,3595,330590,5750,293940,3915,204210,5750,088260,1018,145270,3550,140910
2023-04-26,3505,404990,3500,396690,3375,400760,4950,395400,3285,377190,3730,365550,5100,357120,3550,357250,4315,348950,3760,350520,4710,334890,4305,338100,3610,330590,5800,293940,3940,204210,5800,088260,995,145270,3645,140910
2023-04-25,3520,404990,3545,396690,3355,400760,4930,395400,3285,377190,3730,365550,5050,357120,3540,357250,4340,348950,3780,350520,4690,334890,4265,338100,3640,330590,5740,293940,4070,204210,5740,088260,1008,145270,3630,140910
2023-04-24,3525,404990,3500,396690,3360,400760,4930,395400,3310,377190,3745,365550,4985,357120,3550,357250,4355,348950,3780,350520,4700,334890,4280,338100,3645,330590,5530,293940,3800,204210,5530,088260,1005,145270,3635,140910
2023-04-21,3575,404990,3500,396690,3380,400760,4970,395400,3320,377190,3795,365550,5090,357120,3565,357250,4375,348950,3825,350520,4785,334890,4285,338100,3670,330590,5600,293940,4140,204210,5600,088260,1010,145270,3635,140910
2023-04-20,3565,404990,3540,396690,3355,400760,4995,395400,3340,377190,3865,365550,5080,357120,3560,357250,4420,348950,3805,350520,4785,334890,4265,338100,3705,330590,5680,293940,4290,204210,5680,088260,1013,145270,3580,140910
2023-04-19,3575,404990,3555,396690,3345,400760,5010,395400,3345,377190,3900,365550,5060,357120,3560,357250,4420,348950,3785,350520,4750,334890,4285,338100,3695,330590,5660,293940,4340,204210,5660,088260,1017,145270,3640,140910
2023-04-18,3615,404990,3575,396690,3360,400760,5030,395400,3330,377190,3930,365550,5110,357120,3560,357250,4450,348950,3845,350520,4825,334890,4265,338100,3700,330590,5820,293940,4105,204210,5820,088260,1010,145270,3655,140910
2023-04-17,3600,404990,3590,396690,3350,400760,4995,395400,3325,377190,3940,365550,5130,357120,3555,357250,4455,348950,3835,350520,4750,334890,4235,338100,3630,330590,5650,293940,3910,204210,5650,088260,1005,145270,3675,140910
2023-04-14,3605,404990,3640,396690,3355,400760,5000,395400,3355,377190,3885,365550,5110,357120,3545,357250,4455,348950,3840,350520,4675,334890,4250,338100,3680,330590,5570,293940,3750,204210,5570,088260,978,145270,3485,140910
2023-04-13,3605,404990,3610,396690,3305,400760,4980,395400,3320,377190,3840,365550,5030,357120,3520,357250,4360,348950,3840,350520,4610,334890,4190,338100,3645,330590,5570,293940,3645,204210,5570,088260,957,145270,3420,140910
2023-04-12,3570,404990,3585,396690,3305,400760,5030,395400,3305,377190,3780,365550,5000,357120,3515,357250,4360,348950,3840,350520,4610,334890,4165,338100,3645,330590,5530,293940,3615,204210,5530,088260,947,145270,3460,140910
2023-04-11,3535,404990,3545,396690,3310,400760,4990,395400,3330,377190,3845,365550,4990,357120,3570,357250,4370,348950,3815,350520,4655,334890,4150,338100,3615,330590,5440,293940,3645,204210,5440,088260,933,145270,3465,140910
2023-04-10,3560,404990,3500,396690,3345,400760,4910,395400,3365,377190,3895,365550,4985,357120,3535,357250,4355,348950,3805,350520,4610,334890,4150,338100,3605,330590,5410,293940,3565,204210,5410,088260,919,145270,3510,140910
2023-04-07,3685,404990,3520,396690,3375,400760,4960,395400,3390,377190,3970,365550,5030,357120,3540,357250,4400,348950,3800,350520,4680,334890,4210,338100,3650,330590,5360,293940,3575,204210,5360,088260,915,145270,3510,140910
2023-04-06,3740,404990,3605,396690,3430,400760,4930,395400,3425,377190,3945,365550,5040,357120,3560,357250,4410,348950,3800,350520,4680,334890,4230,338100,3630,330590,5450,293940,3520,204210,5450,088260,909,145270,3490,140910
2023-04-05,3720,404990,3655,396690,3490,400760,4900,395400,3485,377190,3975,365550,5040,357120,3565,357250,4425,348950,3795,350520,4690,334890,4175,338100,3695,330590,5570,293940,3515,204210,5570,088260,907,145270,3520,140910
2023-04-04,3720,404990,3710,396690,3555,400760,4900,395400,3530,377190,3935,365550,5020,357120,3580,357250,4475,348950,3795,350520,4695,334890,4180,338100,3710,330590,5630,293940,3525,204210,5630,088260,904,145270,3500,140910
2023-04-03,3720,404990,3695,396690,3515,400760,4910,395400,3525,377190,3905,365550,4960,357120,3575,357250,4460,348950,3825,350520,4670,334890,4170,338100,3690,330590,5630,293940,3470,204210,5630,088260,906,145270,3500,140910
2023-03-31,3740,404990,3765,396690,3485,400760,4990,395400,3540,377190,3890,365550,4995,357120,3580,357250,4415,348950,3820,350520,4440,334890,4165,338100,3690,330590,5500,293940,3285,204210,5500,088260,906,145270,3540,140910
2023-03-30,3655,404990,3615,396690,3430,400760,5010,395400,3540,377190,3890,365550,4930,357120,3560,357250,4300,348950,3860,350520,4470,334890,4160,338100,3675,330590,5490,293940,3200,204210,5490,088260,904,145270,3485,140910
2023-03-29,3660,404990,3650,396690,3405,400760,5040,395400,3660,377190,3770,365550,4960,357120,3555,357250,4290,348950,3880,350520,4430,334890,4145,338100,3635,330590,5660,293940,3210,204210,5660,088260,895,145270,3435,140910
2023-03-28,3705,404990,3735,396690,3405,400760,5100,395400,3650,377190,3760,365550,4975,357120,3540,357250,4275,348950,3875,350520,4475,334890,4150,338100,3650,330590,5640,293940,3210,204210,5640,088260,895,145270,3415,140910
2023-03-27,3795,404990,3770,396690,3380,400760,5080,395400,3635,377190,3710,365550,4975,357120,3525,357250,4275,348950,3870,350520,4410,334890,4145,338100,3620,330590,5640,293940,3230,204210,5640,088260,895,145270,3420,140910
2023-03-24,3935,404990,3820,396690,3455,400760,4910,395400,3680,377190,3730,365550,5030,357120,3595,357250,4370,348950,3900,350520,4455,334890,4150,338100,3715,330590,5890,293940,3225,204210,5890,088260,910,145270,3420,140910
2023-03-23,3980,404990,3845,396690,3425,400760,4940,395400,3665,377190,3675,365550,5050,357120,3615,357250,4370,348950,3930,350520,4490,334890,4135,338100,3745,330590,5940,293940,3190,204210,5940,088260,898,145270,3405,140910
2023-03-22,4015,404990,3880,396690,3425,400760,4965,395400,3665,377190,3730,365550,5070,357120,3630,357250,4400,348950,3925,350520,4600,334890,4125,338100,3805,330590,6000,293940,3215,204210,6000,088260,893,145270,3385,140910
2023-03-21,4025,404990,3910,396690,3415,400760,4900,395400,3670,377190,3730,365550,5080,357120,3625,357250,4425,348950,3930,350520,4595,334890,4195,338100,3770,330590,6080,293940,3205,204210,6080,088260,899,145270,3320,140910
2023-03-20,3980,404990,3910,396690,3410,400760,4865,395400,3660,377190,3720,365550,5040,357120,3635,357250,4445,348950,3940,350520,4585,334890,4195,338100,3745,330590,6080,293940,3205,204210,6080,088260,899,145270,3300,140910
2023-03-17,3985,404990,3935,396690,3425,400760,4965,395400,3690,377190,3815,365550,5010,357120,3655,357250,4455,348950,3950,350520,4515,334890,4205,338100,3720,330590,6250,293940,3230,204210,6250,088260,907,145270,3295,140910
2023-03-16,3940,404990,3955,396690,3410,400760,4975,395400,3655,377190,3815,365550,5010,357120,3650,357250,4450,348950,3995,350520,4630,334890,4190,338100,3770,330590,6400,293940,3220,204210,6400,088260,913,145270,3295,140910
2023-03-15,3920,404990,3915,396690,3420,400760,5010,395400,3660,377190,3825,365550,5050,357120,3650,357250,4460,348950,3980,350520,4635,334890,4260,338100,3820,330590,6500,293940,3205,204210,6500,088260,898,145270,3310,140910
2023-03-14,3900,404990,3935,396690,3435,400760,5000,395400,3645,377190,3755,365550,4975,357120,3635,357250,4435,348950,3965,350520,4590,334890,4210,338100,3770,330590,6480,293940,3200,204210,6480,088260,894,145270,3335,140910
2023-03-13,3975,404990,3930,396690,3445,400760,5120,395400,3685,377190,3845,365550,5070,357120,3675,357250,4490,348950,4010,350520,4670,334890,4230,338100,3840,330590,6490,293940,3130,204210,6490,088260,904,145270,3490,140910
2023-03-10,4025,404990,3905,396690,3560,400760,5100,395400,3705,377190,3795,365550,5130,357120,3715,357250,4475,348950,3990,350520,4710,334890,4340,338100,3850,330590,6470,293940,3365,204210,6470,088260,894,145270,3490,140910
2023-03-09,4025,404990,3935,396690,3600,400760,5120,395400,3730,377190,3770,365550,5100,357120,3730,357250,4495,348950,4005,350520,4735,334890,4360,338100,3940,330590,6400,293940,3430,204210,6400,088260,888,145270,3555,140910
2023-03-08,4070,404990,3930,396690,3590,400760,5120,395400,3725,377190,3830,365550,5140,357120,3735,357250,4500,348950,3990,350520,4735,334890,4355,338100,3970,330590,6410,293940,3425,204210,6410,088260,895,145270,3575,140910
2023-03-07,4075,404990,3925,396690,3620,400760,5140,395400,3720,377190,3890,365550,5140,357120,3740,357250,4525,348950,3995,350520,4735,334890,4400,338100,3980,330590,6400,293940,3455,204210,6400,088260,891,145270,3665,140910
2023-03-06,4050,404990,3905,396690,3615,400760,5140,395400,3680,377190,3945,365550,5110,357120,3745,357250,4525,348950,4025,350520,4735,334890,4360,338100,3980,330590,6500,293940,3465,204210,6500,088260,882,145270,3650,140910
2023-03-03,4030,404990,3870,396690,3610,400760,5140,395400,3675,377190,3945,365550,5170,357120,3700,357250,4520,348950,4030,350520,4760,334890,4400,338100,4000,330590,6540,293940,3445,204210,6540,088260,876,145270,3620,140910
2023-03-02,4070,404990,3860,396690,3635,400760,5140,395400,3675,377190,3985,365550,5160,357120,3765,357250,4505,348950,4030,350520,4765,334890,4405,338100,3960,330590,6740,293940,3415,204210,6740,088260,875,145270,3600,140910
2023-02-28,4070,404990,3895,396690,3640,400760,5170,395400,3680,377190,4000,365550,5210,357120,3765,357250,4530,348950,4005,350520,4855,334890,4390,338100,3950,330590,6700,293940,3375,204210,6700,088260,873,145270,3590,140910
2023-02-27,4010,404990,3860,396690,3630,400760,5110,395400,3620,377190,4070,365550,5180,357120,3730,357250,4510,348950,4005,350520,4835,334890,4355,338100,3920,330590,6620,293940,3335,204210,6620,088260,878,145270,3590,140910
2023-02-24,3975,404990,3860,396690,3600,400760,5100,395400,3630,377190,4060,365550,5180,357120,3740,357250,4540,348950,4010,350520,5000,334890,4330,338100,3905,330590,6650,293940,3405,204210,6650,088260,880,145270,3600,140910
2023-02-23,3985,404990,3835,396690,3590,400760,5100,395400,3560,377190,3980,365550,5130,357120,3715,357250,4490,348950,4005,350520,5010,334890,4205,338100,3765,330590,6600,293940,3400,204210,6600,088260,881,145270,3555,140910
2023-02-22,3940,404990,3840,396690,3580,400760,5140,395400,3565,377190,4065,365550,5080,357120,3685,357250,4515,348950,4020,350520,5000,334890,4390,338100,3800,330590,6600,293940,3415,204210,6600,088260,881,145270,3570,140910
2023-02-21,3935,404990,3880,396690,3590,400760,5170,395400,3570,377190,4120,365550,5110,357120,3685,357250,4520,348950,4005,350520,5030,334890,4370,338100,3820,330590,6680,293940,3470,204210,6680,088260,886,145270,3570,140910
2023-02-20,3895,404990,3890,396690,3570,400760,5190,395400,3535,377190,4160,365550,5120,357120,3670,357250,4510,348950,4025,350520,5030,334890,4360,338100,3840,330590,6670,293940,3465,204210,6670,088260,886,145270,3545,140910
2023-02-17,3960,404990,3840,396690,3585,400760,5200,395400,3565,377190,4195,365550,5120,357120,3750,357250,4515,348950,4055,350520,5040,334890,4355,338100,3880,330590,6750,293940,3525,204210,6750,088260,885,145270,3515,140910
2023-02-16,3955,404990,3850,396690,3585,400760,5230,395400,3610,377190,4155,365550,5180,357120,3775,357250,4485,348950,4065,350520,5040,334890,4340,338100,3895,330590,6730,293940,3630,204210,6730,088260,888,145270,3535,140910
2023-02-15,3975,404990,3900,396690,3620,400760,5220,395400,3620,377190,4140,365550,5240,357120,3805,357250,4490,348950,4085,350520,5040,334890,4410,338100,3895,330590,6800,293940,3610,204210,6800,088260,882,145270,3570,140910
2023-02-14,3995,404990,3900,396690,3670,400760,5290,395400,3640,377190,4150,365550,5240,357120,3815,357250,4515,348950,4100,350520,5030,334890,4400,338100,3930,330590,6800,293940,3655,204210,6800,088260,889,145270,3625,140910
2023-02-13,4020,404990,3920,396690,3670,400760,5280,395400,3660,377190,4175,365550,5250,357120,3840,357250,4525,348950,4145,350520,5030,334890,4445,338100,3915,330590,6830,293940,3620,204210,6830,088260,883,145270,3625,140910
2023-02-10,4030,404990,3905,396690,3670,400760,5430,395400,3700,377190,4205,365550,5240,357120,3850,357250,4600,348950,4170,350520,5030,334890,4445,338100,3990,330590,6870,293940,3670,204210,6870,088260,891,145270,3600,140910
2023-02-09,4020,404990,3925,396690,3670,400760,5420,395400,3710,377190,4260,365550,5160,357120,3855,357250,4610,348950,4160,350520,5020,334890,4450,338100,4035,330590,6870,293940,3700,204210,6870,088260,898,145270,3650,140910
2023-02-08,4090,404990,3920,396690,3660,400760,5400,395400,3760,377190,4250,365550,5240,357120,3880,357250,4615,348950,4165,350520,5040,334890,4460,338100,4060,330590,6950,293940,3700,204210,6950,088260,901,145270,3665,140910
2023-02-07,4090,404990,3960,396690,3670,400760,5450,395400,3720,377190,4160,365550,5260,357120,3835,357250,4585,348950,4140,350520,5050,334890,4425,338100,4045,330590,6980,293940,3645,204210,6980,088260,902,145270,3655,140910
2023-02-06,4050,404990,3970,396690,3720,400760,5500,395400,3760,377190,4230,365550,5270,357120,3850,357250,4615,348950,4160,350520,5050,334890,4440,338100,4105,330590,7070,293940,3625,204210,7070,088260,901,145270,3690,140910
2023-02-03,4100,404990,4020,396690,3755,400760,5450,395400,3780,377190,4270,365550,5320,357120,3860,357250,4630,348950,4155,350520,5040,334890,4470,338100,4140,330590,7150,293940,3600,204210,7150,088260,899,145270,3645,140910
2023-02-02,4110,404990,4005,396690,3790,400760,5400,395400,3810,377190,4235,365550,5320,357120,3835,357250,4605,348950,4130,350520,5040,334890,4470,338100,4120,330590,7150,293940,3605,204210,7150,088260,903,145270,3635,140910
2023-02-01,4060,404990,3970,396690,3750,400760,5220,395400,3710,377190,4120,365550,5250,357120,3760,357250,4510,348950,4100,350520,4980,334890,4390,338100,4055,330590,7080,293940,3625,204210,7080,088260,902,145270,3665,140910
2023-01-31,4150,404990,3965,396690,3765,400760,5150,395400,3700,377190,4100,365550,5230,357120,3735,357250,4485,348950,4090,350520,4950,334890,4290,338100,4080,330590,7140,293940,3620,204210,7140,088260,901,145270,4135,140910
2023-01-30,4145,404990,4045,396690,3780,400760,5350,395400,3740,377190,4175,365550,5290,357120,3735,357250,4520,348950,4135,350520,5020,334890,4365,338100,4070,330590,7160,293940,3620,204210,7160,088260,902,145270,4020,140910
2023-01-27,4220,404990,4050,396690,3820,400760,5470,395400,3815,377190,4255,365550,5360,357120,3835,357250,4535,348950,4150,350520,5050,334890,4400,338100,4150,330590,7190,293940,3595,204210,7190,088260,912,145270,4055,140910
2023-01-26,4200,404990,4020,396690,3835,400760,5540,395400,3865,377190,4370,365550,5390,357120,3845,357250,4610,348950,4170,350520,5060,334890,4460,338100,4180,330590,7180,293940,3660,204210,7180,088260,910,145270,4080,140910
2023-01-25,4200,404990,3990,396690,3840,400760,5530,395400,3860,377190,4380,365550,5360,357120,3855,357250,4675,348950,4175,350520,5090,334890,4485,338100,4225,330590,7180,293940,3665,204210,7180,088260,904,145270,4070,140910
2023-01-20,4180,404990,3980,396690,3840,400760,5490,395400,3825,377190,4460,365550,5350,357120,3830,357250,4660,348950,4160,350520,5070,334890,4515,338100,4225,330590,7090,293940,3670,204210,7090,088260,898,145270,4080,140910
2023-01-19,4185,404990,3930,396690,3825,400760,5490,395400,3770,377190,4390,365550,5480,357120,3800,357250,4615,348950,4180,350520,5050,334890,4520,338100,4300,330590,7000,293940,3655,204210,7000,088260,889,145270,4030,140910
2023-01-18,4200,404990,3940,396690,3835,400760,5390,395400,3805,377190,4405,365550,5440,357120,3790,357250,4610,348950,4180,350520,5050,334890,4505,338100,4305,330590,7010,293940,3575,204210,7010,088260,893,145270,4025,140910
2023-01-17,4105,404990,3945,396690,3795,400760,5420,395400,3810,377190,4270,365550,5480,357120,3800,357250,4580,348950,4165,350520,5050,334890,4530,338100,4240,330590,6990,293940,3540,204210,6990,088260,895,145270,4025,140910
2023-01-16,4150,404990,3920,396690,3795,400760,5460,395400,3800,377190,4235,365550,5400,357120,3800,357250,4550,348950,4120,350520,5000,334890,4535,338100,4250,330590,7000,293940,3515,204210,7000,088260,892,145270,4060,140910
2023-01-13,4120,404990,3890,396690,3700,400760,5480,395400,3780,377190,4180,365550,5400,357120,3780,357250,4430,348950,4090,350520,4990,334890,4440,338100,4050,330590,6940,293940,3490,204210,6940,088260,887,145270,4050,140910
2023-01-12,4095,404990,3905,396690,3650,400760,5450,395400,3760,377190,4135,365550,5360,357120,3715,357250,4410,348950,4075,350520,5000,334890,4415,338100,4045,330590,6930,293940,3520,204210,6930,088260,884,145270,4045,140910
2023-01-11,3945,404990,3900,396690,3615,400760,5430,395400,3685,377190,4035,365550,5370,357120,3670,357250,4410,348950,4030,350520,4990,334890,4380,338100,4020,330590,6950,293940,3590,204210,6950,088260,888,145270,4065,140910
2023-01-10,3960,404990,3940,396690,3575,400760,5520,395400,3615,377190,4040,365550,5400,357120,3640,357250,4395,348950,4010,350520,4960,334890,4300,338100,4035,330590,6950,293940,3550,204210,6950,088260,893,145270,4085,140910
2023-01-09,3965,404990,3940,396690,3565,400760,5530,395400,3640,377190,4045,365550,5400,357120,3665,357250,4385,348950,4030,350520,5000,334890,4260,338100,4045,330590,6970,293940,3530,204210,6970,088260,889,145270,4100,140910
2023-01-06,3945,404990,3925,396690,3570,400760,5460,395400,3630,377190,4055,365550,5380,357120,3610,357250,4385,348950,4030,350520,5010,334890,4295,338100,4025,330590,7030,293940,3535,204210,7030,088260,876,145270,4085,140910
2023-01-05,3860,404990,3925,396690,3540,400760,5500,395400,3545,377190,4040,365550,5350,357120,3570,357250,4310,348950,3990,350520,5010,334890,4375,338100,4060,330590,7050,293940,3560,204210,7050,088260,874,145270,4085,140910
2023-01-04,3780,404990,3850,396690,3380,400760,5460,395400,3420,377190,3960,365550,5290,357120,3495,357250,4275,348950,3910,350520,4855,334890,4035,338100,3930,330590,6910,293940,3500,204210,6910,088260,870,145270,4035,140910
2023-01-03,3825,404990,3825,396690,3280,400760,5500,395400,3420,377190,3900,365550,5360,357120,3500,357250,4255,348950,3905,350520,4860,334890,4025,338100,3900,330590,6880,293940,3500,204210,6880,088260,868,145270,3990,140910
2023-01-02,3765,404990,3795,396690,3385,400760,5400,395400,3410,377190,3985,365550,5400,357120,3510,357250,4260,348950,3905,350520,4860,334890,4000,338100,4015,330590,6800,293940,3700,204210,6800,088260,873,145270,4030,140910
2022-12-29,3645,404990,3700,396690,3400,400760,5510,395400,3405,377190,3990,365550,5370,357120,3470,357250,4210,348950,3905,350520,4840,334890,4040,338100,3990,330590,6570,293940,3715,204210,6570,088260,885,145270,4095,140910
2022-12-28,3750,404990,3760,396690,3385,400760,5310,395400,3420,377190,4050,365550,5350,357120,3475,357250,4230,348950,3980,350520,4850,334890,4030,338100,4000,330590,6600,293940,4000,204210,6600,088260,910,145270,4225,140910
2022-12-27,3825,404990,3780,396690,3465,400760,5300,395400,3450,377190,3950,365550,5390,357120,3465,357250,4380,348950,4090,350520,4750,334890,4025,338100,4220,330590,6540,293940,4890,204210,6540,088260,951,145270,4285,140910
2022-12-26,3710,404990,3790,396690,3425,400760,5430,395400,3425,377190,4145,365550,5420,357120,3490,357250,4400,348950,4095,350520,4750,334890,4000,338100,4190,330590,6620,293940,4865,204210,6620,088260,954,145270,4335,140910
2022-12-23,3750,404990,3790,396690,3420,400760,5470,395400,3430,377190,3945,365550,5290,357120,3500,357250,4400,348950,4080,350520,4745,334890,4030,338100,4195,330590,6600,293940,4790,204210,6600,088260,953,145270,4215,140910
2022-12-22,3750,404990,3800,396690,3415,400760,5510,395400,3455,377190,3950,365550,5200,357120,3510,357250,4400,348950,4065,350520,4680,334890,4030,338100,4190,330590,6550,293940,4695,204210,6550,088260,954,145270,4220,140910
2022-12-21,3720,404990,3790,396690,3300,400760,5370,395400,3425,377190,3860,365550,5230,357120,3475,357250,4320,348950,4020,350520,4670,334890,4060,338100,4065,330590,6570,293940,4650,204210,6570,088260,949,145270,4210,140910
2022-12-20,3735,404990,3785,396690,3295,400760,5320,395400,3455,377190,3865,365550,5130,357120,3470,357250,4315,348950,4040,350520,4655,334890,4015,338100,3985,330590,6590,293940,4635,204210,6590,088260,945,145270,4230,140910
2022-12-19,3750,404990,3800,396690,3355,400760,5300,395400,3475,377190,3945,365550,5130,357120,3485,357250,4400,348950,4050,350520,4665,334890,4015,338100,4040,330590,6610,293940,4675,204210,6610,088260,957,145270,4235,140910
2022-12-16,3760,404990,3795,396690,3360,400760,5390,395400,3460,377190,3990,365550,5070,357120,3485,357250,4400,348950,4070,350520,4680,334890,4010,338100,4060,330590,6680,293940,4735,204210,6680,088260,946,145270,4240,140910
2022-12-15,3825,404990,3795,396690,3290,400760,5190,395400,3460,377190,4025,365550,5020,357120,3490,357250,4390,348950,4065,350520,4595,334890,4050,338100,4140,330590,6600,293940,4710,204210,6600,088260,960,145270,4255,140910
2022-12-14,3860,404990,3800,396690,3290,400760,5190,395400,3475,377190,4030,365550,4990,357120,3535,357250,4390,348950,4065,350520,4540,334890,4030,338100,4165,330590,6640,293940,4690,204210,6640,088260,958,145270,4230,140910
2022-12-13,3800,404990,3815,396690,3260,400760,5160,395400,3410,377190,3930,365550,4930,357120,3510,357250,4370,348950,4060,350520,4510,334890,4020,338100,4005,330590,6570,293940,4695,204210,6570,088260,959,145270,4285,140910
2022-12-12,3780,404990,3920,396690,3250,400760,5170,395400,3430,377190,3815,365550,4920,357120,3490,357250,4400,348950,4055,350520,4540,334890,4055,338100,4050,330590,6620,293940,4680,204210,6620,088260,955,145270,4285,140910
2022-12-09,3800,404990,4010,396690,3265,400760,5200,395400,3465,377190,3875,365550,4965,357120,3515,357250,4395,348950,4070,350520,4580,334890,4060,338100,4005,330590,6720,293940,4685,204210,6720,088260,952,145270,4300,140910
2022-12-08,3800,404990,3985,396690,3265,400760,5070,395400,3455,377190,3890,365550,4985,357120,3520,357250,4370,348950,4005,350520,4620,334890,4060,338100,4010,330590,6750,293940,4645,204210,6750,088260,953,145270,4340,140910
2022-12-07,3810,404990,3920,396690,3270,400760,5140,395400,3485,377190,3930,365550,4990,357120,3520,357250,4400,348950,4060,350520,4610,334890,4070,338100,3995,330590,6710,293940,4640,204210,6710,088260,953,145270,4290,140910
2022-12-06,3800,404990,3925,396690,3285,400760,5140,395400,3495,377190,3965,365550,4980,357120,3515,357250,4420,348950,4095,350520,4580,334890,4070,338100,3940,330590,6740,293940,4730,204210,6740,088260,948,145270,4260,140910
2022-12-05,3800,404990,3890,396690,3270,400760,5070,395400,3525,377190,4010,365550,5040,357120,3520,357250,4425,348950,4130,350520,4660,334890,4070,338100,3950,330590,6740,293940,4725,204210,6740,088260,950,145270,4255,140910
2022-12-02,3785,404990,3830,396690,3205,400760,4695,395400,3470,377190,3980,365550,5010,357120,3505,357250,4405,348950,4145,350520,4665,334890,4070,338100,3925,330590,6800,293940,4885,204210,6800,088260,945,145270,4270,140910
2022-12-01,3800,404990,3830,396690,3200,400760,4785,395400,3480,377190,4040,365550,5020,357120,3520,357250,4420,348950,4110,350520,4640,334890,4075,338100,3975,330590,6870,293940,4920,204210,6870,088260,923,145270,4115,140910
2022-11-30,3780,404990,3700,396690,3145,400760,4690,395400,3460,377190,4025,365550,4955,357120,3505,357250,4320,348950,4045,350520,4600,334890,4015,338100,3920,330590,6860,293940,4960,204210,6860,088260,917,145270,4085,140910
2022-11-29,3775,404990,3500,396690,3140,400760,4595,395400,3420,377190,4000,365550,4950,357120,3505,357250,4300,348950,4005,350520,4545,334890,4030,338100,3930,330590,6860,293940,5000,204210,6860,088260,920,145270,4090,140910
2022-11-28,3800,404990,3450,396690,3125,400760,4540,395400,3390,377190,4020,365550,5010,357120,3600,357250,4300,348950,3965,350520,4530,334890,4090,338100,3900,330590,6850,293940,4975,204210,6850,088260,918,145270,3990,140910
2022-11-25,3810,404990,3500,396690,3170,400760,4610,395400,3355,377190,4100,365550,5050,357120,3605,357250,4300,348950,4000,350520,4560,334890,4115,338100,3880,330590,6970,293940,4915,204210,6970,088260,924,145270,4070,140910
2022-11-24,3825,404990,3450,396690,3150,400760,4525,395400,3265,377190,4055,365550,4995,357120,3545,357250,4230,348950,3975,350520,4530,334890,4100,338100,3840,330590,6960,293940,4925,204210,6960,088260,921,145270,4035,140910
2022-11-23,3815,404990,3410,396690,3130,400760,4545,395400,3245,377190,4080,365550,4945,357120,3465,357250,4225,348950,3970,350520,4480,334890,4075,338100,3805,330590,6960,293940,4935,204210,6960,088260,918,145270,4060,140910
2022-11-22,3875,404990,3345,396690,3110,400760,4535,395400,3240,377190,3965,365550,4885,357120,3460,357250,4175,348950,3965,350520,4405,334890,4080,338100,3790,330590,6940,293940,4875,204210,6940,088260,919,145270,4025,140910
2022-11-21,3850,404990,3365,396690,3115,400760,4610,395400,3255,377190,3925,365550,4895,357120,3470,357250,4190,348950,3970,350520,4585,334890,4055,338100,3760,330590,6960,293940,4780,204210,6960,088260,917,145270,4030,140910
2022-11-18,3855,404990,3385,396690,3150,400760,4630,395400,3280,377190,3995,365550,4900,357120,3440,357250,4195,348950,4000,350520,4600,334890,4060,338100,3790,330590,7000,293940,4685,204210,7000,088260,926,145270,4075,140910
2022-11-17,3840,404990,3375,396690,3150,400760,4660,395400,3220,377190,3800,365550,4950,357120,3450,357250,4215,348950,4010,350520,4610,334890,4045,338100,3780,330590,7000,293940,4520,204210,7000,088260,933,145270,4095,140910
2022-11-16,3830,404990,3415,396690,3185,400760,4670,395400,3260,377190,3805,365550,4965,357120,3460,357250,4255,348950,4010,350520,4615,334890,4060,338100,3810,330590,6960,293940,4620,204210,6960,088260,933,145270,4150,140910
2022-11-15,3810,404990,3425,396690,3190,400760,4660,395400,3325,377190,3745,365550,4890,357120,3440,357250,4265,348950,3965,350520,4595,334890,4075,338100,3790,330590,7020,293940,4575,204210,7020,088260,939,145270,4135,140910
2022-11-14,3800,404990,3450,396690,3170,400760,4720,395400,3300,377190,3845,365550,4865,357120,3450,357250,4340,348950,3960,350520,4540,334890,4105,338100,3800,330590,7130,293940,4575,204210,7130,088260,930,145270,4090,140910
2022-11-11,3840,404990,3485,396690,3160,400760,4745,395400,3325,377190,3855,365550,4865,357120,3460,357250,4305,348950,3965,350520,4520,334890,4145,338100,3655,330590,7170,293940,4575,204210,7170,088260,927,145270,4065,140910
2022-11-10,3610,404990,3300,396690,3065,400760,4555,395400,3205,377190,3675,365550,4695,357120,3325,357250,4140,348950,3835,350520,4400,334890,4040,338100,3545,330590,7050,293940,4555,204210,7050,088260,912,145270,4005,140910
2022-11-09,3700,404990,3380,396690,3085,400760,4530,395400,3205,377190,3685,365550,4685,357120,3300,357250,4090,348950,3850,350520,4425,334890,4080,338100,3535,330590,6900,293940,4480,204210,6900,088260,904,145270,4010,140910
2022-11-08,3635,404990,3250,396690,3010,400760,4520,395400,3145,377190,3595,365550,4600,357120,3230,357250,4000,348950,3780,350520,4420,334890,3990,338100,3440,330590,6770,293940,4470,204210,6770,088260,888,145270,4000,140910
2022-11-07,3680,404990,3185,396690,2985,400760,4550,395400,3150,377190,3600,365550,4565,357120,3195,357250,4010,348950,3730,350520,4325,334890,3955,338100,3395,330590,6890,293940,4205,204210,6890,088260,885,145270,3990,140910
2022-11-04,3740,404990,3220,396690,3040,400760,4445,395400,3130,377190,3675,365550,4520,357120,3210,357250,4000,348950,3760,350520,4320,334890,3950,338100,3395,330590,6820,293940,4320,204210,6820,088260,882,145270,4120,140910
2022-11-03,3590,404990,3310,396690,3085,400760,4490,395400,3110,377190,3680,365550,4600,357120,3215,357250,4055,348950,3880,350520,4350,334890,4085,338100,3465,330590,6820,293940,4450,204210,6820,088260,882,145270,4160,140910
2022-11-02,3600,404990,3390,396690,3085,400760,4505,395400,3155,377190,3695,365550,4595,357120,3220,357250,4100,348950,3845,350520,4405,334890,4120,338100,3580,330590,6740,293940,4520,204210,6740,088260,889,145270,4165,140910
2022-11-01,3600,404990,3500,396690,2940,400760,4580,395400,3130,377190,3625,365550,4540,357120,3230,357250,4210,348950,3820,350520,4440,334890,4140,338100,3640,330590,7100,293940,4535,204210,7100,088260,885,145270,4130,140910
2022-10-31,3510,404990,3600,396690,2955,400760,4445,395400,3125,377190,3565,365550,4430,357120,3240,357250,4215,348950,3815,350520,4445,334890,4155,338100,3590,330590,7250,293940,4495,204210,7250,088260,884,145270,4095,140910
2022-10-28,3555,404990,3665,396690,2975,400760,4545,395400,3140,377190,3600,365550,4450,357120,3195,357250,4095,348950,3730,350520,4390,334890,4100,338100,3670,330590,7030,293940,4495,204210,7030,088260,877,145270,4095,140910
2022-10-27,3515,404990,3665,396690,2975,400760,4555,395400,3125,377190,3520,365550,4525,357120,3170,357250,4095,348950,3755,350520,4305,334890,4090,338100,3685,330590,6980,293940,4390,204210,6980,088260,876,145270,4000,140910
2022-10-26,3455,404990,3560,396690,2860,400760,4530,395400,3065,377190,3340,365550,4420,357120,3100,357250,3935,348950,3680,350520,4160,334890,4060,338100,3580,330590,6800,293940,4165,204210,6800,088260,875,145270,3925,140910
2022-10-25,3440,404990,3560,396690,2895,400760,4480,395400,3050,377190,3305,365550,4390,357120,3115,357250,3920,348950,3595,350520,4120,334890,4050,338100,3585,330590,6800,293940,4060,204210,6800,088260,877,145270,3920,140910
2022-10-24,3415,404990,3570,396690,2920,400760,4415,395400,3080,377190,3330,365550,4370,357120,3155,357250,3925,348950,3650,350520,4070,334890,4025,338100,3705,330590,6810,293940,4105,204210,6810,088260,876,145270,3855,140910
2022-10-21,3355,404990,3580,396690,2895,400760,4390,395400,3060,377190,3350,365550,4315,357120,3065,357250,3890,348950,3615,350520,3930,334890,4035,338100,3700,330590,6740,293940,4230,204210,6740,088260,875,145270,3865,140910
2022-10-20,3410,404990,3650,396690,2950,400760,4410,395400,3140,377190,3530,365550,4285,357120,3195,357250,3995,348950,3760,350520,3980,334890,4080,338100,3815,330590,6690,293940,4210,204210,6690,088260,896,145270,3910,140910
2022-10-19,3500,404990,3775,396690,3080,400760,4665,395400,3245,377190,3850,365550,4400,357120,3285,357250,4120,348950,3875,350520,4000,334890,4140,338100,4010,330590,6600,293940,4240,204210,6600,088260,911,145270,3975,140910
2022-10-18,3500,404990,3815,396690,3200,400760,4660,395400,3260,377190,3995,365550,4450,357120,3340,357250,4210,348950,3950,350520,4015,334890,4030,338100,4095,330590,6650,293940,4195,204210,6650,088260,902,145270,3985,140910
2022-10-17,3450,404990,3810,396690,3275,400760,4550,395400,3265,377190,4015,365550,4410,357120,3440,357250,4210,348950,3905,350520,3975,334890,4010,338100,4200,330590,6600,293940,4210,204210,6600,088260,899,145270,3985,140910
2022-10-14,3565,404990,3830,396690,3420,400760,4475,395400,3335,377190,4185,365550,4480,357120,3520,357250,4310,348950,4000,350520,4010,334890,4040,338100,4390,330590,6910,293940,4250,204210,6910,088260,899,145270,3985,140910
2022-10-13,3510,404990,3800,396690,3450,400760,4550,395400,3340,377190,4270,365550,4525,357120,3510,357250,4300,348950,4000,350520,4030,334890,4085,338100,4435,330590,6950,293940,4195,204210,6950,088260,881,145270,3980,140910
2022-10-12,3740,404990,3885,396690,3695,400760,4750,395400,3450,377190,4500,365550,4555,357120,3600,357250,4340,348950,4075,350520,4160,334890,4255,338100,4710,330590,7170,293940,4470,204210,7170,088260,915,145270,4095,140910
2022-10-11,3970,404990,4120,396690,3915,400760,4845,395400,3600,377190,4630,365550,4630,357120,3640,357250,4370,348950,4100,350520,4205,334890,4295,338100,4760,330590,7170,293940,4460,204210,7170,088260,920,145270,4150,140910
2022-10-07,4175,404990,4265,396690,4080,400760,5040,395400,3830,377190,4925,365550,4750,357120,3790,357250,4510,348950,4215,350520,4210,334890,4410,338100,4890,330590,7490,293940,4530,204210,7490,088260,944,145270,4300,140910
2022-10-06,4185,404990,4265,396690,4155,400760,5020,395400,3920,377190,5020,365550,4740,357120,3755,357250,4485,348950,4235,350520,4280,334890,4420,338100,4910,330590,7490,293940,4555,204210,7490,088260,948,145270,4320,140910
2022-10-05,4235,404990,4320,396690,4175,400760,4990,395400,3990,377190,5100,365550,4775,357120,3800,357250,4500,348950,4240,350520,4255,334890,4430,338100,4895,330590,7540,293940,4540,204210,7540,088260,931,145270,4305,140910
2022-10-04,4270,404990,4450,396690,4195,400760,4995,395400,4045,377190,5110,365550,4800,357120,3760,357250,4525,348950,4290,350520,4340,334890,4475,338100,4900,330590,7630,293940,4485,204210,7630,088260,936,145270,4630,140910
2022-09-30,4320,404990,4490,396690,4240,400760,5040,395400,4135,377190,5050,365550,4775,357120,3815,357250,4510,348950,4265,350520,4400,334890,4455,338100,4900,330590,7620,293940,4555,204210,7620,088260,922,145270,4620,140910
2022-09-29,4365,404990,4520,396690,4230,400760,5060,395400,4200,377190,5130,365550,4820,357120,3820,357250,4355,348950,4265,350520,4410,334890,4380,338100,4840,330590,7680,293940,4555,204210,7680,088260,927,145270,4685,140910
2022-09-28,4400,404990,4655,396690,4265,400760,5080,395400,4345,377190,5170,365550,4830,357120,3860,357250,4355,348950,4295,350520,4465,334890,4380,338100,4860,330590,7760,293940,4510,204210,7760,088260,913,145270,4700,140910
2022-09-27,4400,404990,4590,396690,4220,400760,5160,395400,4365,377190,5200,365550,4915,357120,3945,357250,4405,348950,4305,350520,4450,334890,4435,338100,4910,330590,7870,293940,4560,204210,7870,088260,938,145270,4725,140910
2022-09-26,4505,404990,4575,396690,4280,400760,5170,395400,4360,377190,5290,365550,4985,357120,3995,357250,4410,348950,4380,350520,4590,334890,4455,338100,4935,330590,7970,293940,4505,204210,7970,088260,948,145270,4750,140910
2022-09-23,4590,404990,4600,396690,4360,400760,5310,395400,4365,377190,5380,365550,5060,357120,4095,357250,4465,348950,4460,350520,4705,334890,4495,338100,4980,330590,8000,293940,4660,204210,8000,088260,1000,145270,4905,140910
2022-09-22,4555,404990,4615,396690,4400,400760,5320,395400,4385,377190,5480,365550,5160,357120,4170,357250,4555,348950,4480,350520,4750,334890,4625,338100,4995,330590,7970,293940,4605,204210,7970,088260,1010,145270,4965,140910
2022-09-21,4575,404990,4610,396690,4410,400760,5450,395400,4430,377190,5560,365550,5180,357120,4170,357250,4630,348950,4525,350520,4845,334890,4600,338100,5000,330590,7990,293940,4600,204210,7990,088260,1025,145270,5010,140910
2022-09-20,4650,404990,4630,396690,4435,400760,5450,395400,4445,377190,5620,365550,5110,357120,4165,357250,4690,348950,4490,350520,4850,334890,4615,338100,5010,330590,8000,293940,4630,204210,8000,088260,1030,145270,5010,140910
2022-09-19,4555,404990,4655,396690,4465,400760,5470,395400,4370,377190,5540,365550,5020,357120,4140,357250,4685,348950,4480,350520,4820,334890,4585,338100,5050,330590,7960,293940,4630,204210,7960,088260,1020,145270,4975,140910
2022-09-16,4555,404990,4750,396690,4480,400760,5460,395400,4380,377190,5660,365550,5080,357120,4170,357250,4820,348950,4515,350520,4825,334890,4615,338100,5080,330590,7880,293940,4670,204210,7880,088260,1035,145270,5200,140910
2022-09-15,4620,404990,4750,396690,4420,400760,5460,395400,4435,377190,5530,365550,5160,357120,4190,357250,4860,348950,4540,350520,4785,334890,4610,338100,5030,330590,8020,293940,4650,204210,8020,088260,1040,145270,5230,140910
2022-09-14,4675,404990,4810,396690,4420,400760,5460,395400,4480,377190,5560,365550,5230,357120,4175,357250,4945,348950,4545,350520,4810,334890,4650,338100,5020,330590,8010,293940,4645,204210,8010,088260,1050,145270,5220,140910
2022-09-13,4680,404990,4825,396690,4410,400760,5550,395400,4520,377190,5550,365550,5220,357120,4205,357250,4925,348950,4570,350520,4835,334890,4585,338100,5040,330590,7980,293940,4625,204210,7980,088260,1040,145270,5260,140910
2022-09-08,4690,404990,4790,396690,4410,400760,5500,395400,4505,377190,5450,365550,5160,357120,4180,357250,4745,348950,4560,350520,4805,334890,4545,338100,4995,330590,7970,293940,4625,204210,7970,088260,1030,145270,5180,140910
2022-09-07,4635,404990,4780,396690,4375,400760,5510,395400,4450,377190,5390,365550,5180,357120,4165,357250,4480,348950,4520,350520,4805,334890,4550,338100,4990,330590,7970,293940,4630,204210,7970,088260,1025,145270,5190,140910
2022-09-06,4700,404990,4830,396690,4425,400760,5540,395400,4485,377190,5380,365550,5280,357120,4235,357250,4530,348950,4585,350520,4830,334890,4555,338100,5040,330590,7960,293940,4700,204210,7960,088260,1040,145270,5250,140910
2022-09-05,4620,404990,4770,396690,4390,400760,5660,395400,4530,377190,5410,365550,5230,357120,4240,357250,4510,348950,4585,350520,4785,334890,4545,338100,5030,330590,7920,293940,4705,204210,7920,088260,1025,145270,5290,140910
2022-09-02,4665,404990,4785,396690,4400,400760,5730,395400,4530,377190,5540,365550,5270,357120,4270,357250,4560,348950,4595,350520,4835,334890,4575,338100,5070,330590,7910,293940,4705,204210,7910,088260,1030,145270,5310,140910
2022-09-01,4695,404990,4800,396690,4400,400760,5650,395400,4560,377190,5450,365550,5290,357120,4275,357250,4620,348950,4640,350520,4825,334890,4565,338100,5090,330590,7960,293940,4695,204210,7960,088260,1040,145270,5330,140910
2022-08-31,4765,404990,4860,396690,4540,400760,5680,395400,4645,377190,5530,365550,5340,357120,4355,357250,4705,348950,4700,350520,4915,334890,4610,338100,5130,330590,8030,293940,4725,204210,8030,088260,1065,145270,5360,140910
2022-08-30,4795,404990,4835,396690,4550,400760,5630,395400,4605,377190,5520,365550,5340,357120,4370,357250,4645,348950,4695,350520,4930,334890,4645,338100,5070,330590,7940,293940,4725,204210,7940,088260,1065,145270,5390,140910
2022-08-29,4800,404990,4850,396690,4580,400760,5700,395400,4640,377190,5500,365550,5360,357120,4360,357250,4645,348950,4720,350520,5020,334890,4655,338100,5030,330590,7890,293940,4695,204210,7890,088260,1055,145270,5430,140910
2022-08-26,4855,404990,4900,396690,4635,400760,5770,395400,4630,377190,5490,365550,5490,357120,4390,357250,4695,348950,4740,350520,5090,334890,4745,338100,5090,330590,7960,293940,4815,204210,7960,088260,1085,145270,5510,140910
2022-08-25,4825,404990,4895,396690,4630,400760,5750,395400,4615,377190,5440,365550,5490,357120,4420,357250,4700,348950,4735,350520,5100,334890,4750,338100,5080,330590,7940,293940,4835,204210,7940,088260,1090,145270,5500,140910
2022-08-24,4830,404990,4815,396690,4605,400760,5670,395400,4590,377190,5290,365550,5430,357120,4405,357250,4630,348950,4645,350520,5040,334890,4740,338100,5050,330590,7870,293940,4800,204210,7870,088260,1075,145270,5590,140910
2022-08-23,4865,404990,4875,396690,4630,400760,5870,395400,4580,377190,5390,365550,5520,357120,4395,357250,4610,348950,4625,350520,5050,334890,4730,338100,5050,330590,7900,293940,4810,204210,7900,088260,1085,145270,5590,140910
2022-08-22,4870,404990,4875,396690,4680,400760,5730,395400,4625,377190,5470,365550,5520,357120,4395,357250,4690,348950,4550,350520,5130,334890,4730,338100,5130,330590,7910,293940,4810,204210,7910,088260,1100,145270,5680,140910
2022-08-19,4890,404990,4925,396690,4700,400760,5560,395400,4625,377190,5550,365550,5610,357120,4400,357250,4720,348950,4670,350520,5180,334890,4730,338100,5140,330590,7950,293940,4855,204210,7950,088260,1120,145270,5710,140910
2022-08-18,4860,404990,4910,396690,4695,400760,5530,395400,4600,377190,5520,365550,5580,357120,4420,357250,4725,348950,4630,350520,5130,334890,4705,338100,5100,330590,7840,293940,4795,204210,7840,088260,1120,145270,5720,140910
2022-08-17,4835,404990,4970,396690,4650,400760,5490,395400,4635,377190,5500,365550,5630,357120,4470,357250,4740,348950,4680,350520,5090,334890,4715,338100,5100,330590,7800,293940,4780,204210,7800,088260,1145,145270,5770,140910
2022-08-16,4840,404990,4975,396690,4655,400760,5500,395400,4665,377190,5460,365550,5630,357120,4400,357250,4745,348950,4725,350520,5100,334890,4715,338100,5100,330590,7730,293940,4830,204210,7730,088260,1145,145270,5810,140910
2022-08-12,4800,404990,4960,396690,4645,400760,5480,395400,4650,377190,5500,365550,5620,357120,4400,357250,4725,348950,4735,350520,5040,334890,4710,338100,5070,330590,7750,293940,4845,204210,7750,088260,1135,145270,5710,140910
2022-08-11,4790,404990,4935,396690,4670,400760,5480,395400,4650,377190,5530,365550,5560,357120,4400,357250,4740,348950,4675,350520,5040,334890,4700,338100,5100,330590,7800,293940,4830,204210,7800,088260,1135,145270,5670,140910
2022-08-10,4770,404990,4850,396690,4640,400760,5460,395400,4625,377190,5470,365550,5550,357120,4375,357250,4680,348950,4600,350520,5050,334890,4655,338100,5030,330590,7810,293940,4820,204210,7810,088260,1125,145270,5600,140910
2022-08-09,4770,404990,4875,396690,4650,400760,5490,395400,4635,377190,5500,365550,5580,357120,4435,357250,4710,348950,4710,350520,5120,334890,4685,338100,5060,330590,7760,293940,4840,204210,7760,088260,1125,145270,5630,140910
2022-08-08,4785,404990,4935,396690,4660,400760,5470,395400,4630,377190,5470,365550,5590,357120,4430,357250,4690,348950,4715,350520,5130,334890,4690,338100,5040,330590,7830,293940,4700,204210,7830,088260,1125,145270,5610,140910
2022-08-05,4795,404990,4905,396690,4685,400760,5500,395400,4590,377190,5490,365550,5610,357120,4420,357250,4690,348950,4690,350520,5170,334890,4700,338100,5080,330590,7870,293940,4705,204210,7870,088260,1120,145270,5680,140910
2022-08-04,4835,404990,4855,396690,4690,400760,5460,395400,4545,377190,5430,365550,5600,357120,4385,357250,4655,348950,4585,350520,5160,334890,4700,338100,5040,330590,7880,293940,4700,204210,7880,088260,1110,145270,5600,140910
2022-08-03,4785,404990,4860,396690,4615,400760,5300,395400,4540,377190,5380,365550,5610,357120,4410,357250,4580,348950,4600,350520,5140,334890,4690,338100,5080,330590,7880,293940,4700,204210,7880,088260,1100,145270,5470,140910
2022-08-02,4825,404990,4875,396690,4670,400760,5350,395400,4575,377190,5450,365550,5680,357120,4425,357250,4635,348950,4685,350520,5210,334890,4730,338100,5100,330590,7900,293940,4685,204210,7900,088260,1105,145270,5550,140910
2022-08-01,4855,404990,4825,396690,4630,400760,5420,395400,4550,377190,5570,365550,5680,357120,4405,357250,4650,348950,4725,350520,5210,334890,4760,338100,5110,330590,7820,293940,4720,204210,7820,088260,1110,145270,5550,140910
2022-07-29,4730,404990,4815,396690,4570,400760,5330,395400,4525,377190,5190,365550,5650,357120,4410,357250,4700,348950,4670,350520,5130,334890,4785,338100,5080,330590,7810,293940,4730,204210,7810,088260,1110,145270,5410,140910
2022-07-28,4655,404990,4735,396690,4415,400760,5270,395400,4405,377190,5100,365550,5500,357120,4205,357250,4530,348950,4555,350520,4880,334890,4645,338100,5000,330590,7780,293940,4750,204210,7780,088260,1080,145270,5300,140910
2022-07-27,4680,404990,4770,396690,4365,400760,5210,395400,4335,377190,5130,365550,5440,357120,4165,357250,4525,348950,4385,350520,4765,334890,4615,338100,5020,330590,7770,293940,4680,204210,7770,088260,1075,145270,5320,140910
2022-07-26,4685,404990,4665,396690,4395,400760,5200,395400,4245,377190,5090,365550,5420,357120,4145,357250,4505,348950,4370,350520,4775,334890,4615,338100,5060,330590,7790,293940,4690,204210,7790,088260,1080,145270,5290,140910
2022-07-25,4770,404990,4580,396690,4390,400760,5250,395400,4130,377190,5110,365550,5360,357120,4140,357250,4485,348950,4400,350520,4805,334890,4605,338100,5000,330590,7810,293940,4695,204210,7810,088260,1065,145270,5300,140910
2022-07-22,4805,404990,4590,396690,4380,400760,5300,395400,4150,377190,5130,365550,5380,357120,4155,357250,4525,348950,4435,350520,4830,334890,4600,338100,5040,330590,7790,293940,4690,204210,7790,088260,1060,145270,5270,140910
2022-07-21,4850,404990,4570,396690,4410,400760,5200,395400,4165,377190,5110,365550,5420,357120,4150,357250,4500,348950,4500,350520,4820,334890,4575,338100,5040,330590,7780,293940,4710,204210,7780,088260,1065,145270,5260,140910
2022-07-20,4825,404990,4710,396690,4435,400760,5280,395400,4160,377190,5090,365550,5450,357120,4160,357250,4425,348950,4600,350520,4820,334890,4595,338100,5050,330590,7800,293940,4715,204210,7800,088260,1050,145270,5280,140910
2022-07-19,4990,404990,4630,396690,4395,400760,5530,395400,4195,377190,5170,365550,5470,357120,4150,357250,4395,348950,4670,350520,4800,334890,4620,338100,5060,330590,7750,293940,4705,204210,7750,088260,1045,145270,5290,140910
2022-07-18,4990,404990,4650,396690,4450,400760,5550,395400,4210,377190,5160,365550,5500,357120,4200,357250,4430,348950,4715,350520,4820,334890,4500,338100,5060,330590,7750,293940,4685,204210,7750,088260,1035,145270,5260,140910
2022-07-15,5020,404990,4565,396690,4455,400760,5530,395400,4195,377190,5150,365550,5470,357120,4170,357250,4450,348950,4725,350520,4780,334890,4515,338100,5070,330590,7720,293940,4685,204210,7720,088260,1020,145270,5260,140910
2022-07-14,4910,404990,4570,396690,4475,400760,5600,395400,4280,377190,5330,365550,5500,357120,4110,357250,4355,348950,4700,350520,4840,334890,4495,338100,5110,330590,7720,293940,4680,204210,7720,088260,1025,145270,5400,140910
2022-07-13,4960,404990,4540,396690,4475,400760,5740,395400,4285,377190,5280,365550,5600,357120,4165,357250,4345,348950,4715,350520,4830,334890,4515,338100,5180,330590,7800,293940,4650,204210,7800,088260,1030,145270,5410,140910
2022-07-12,4900,404990,4570,396690,4480,400760,5570,395400,4290,377190,5270,365550,5600,357120,4165,357250,4350,348950,4680,350520,4885,334890,4595,338100,5210,330590,7760,293940,4570,204210,7760,088260,1030,145270,5540,140910
2022-07-11,4950,404990,4640,396690,4520,400760,5710,395400,4340,377190,5350,365550,5770,357120,4225,357250,4440,348950,4835,350520,5060,334890,4625,338100,5250,330590,7780,293940,4595,204210,7780,088260,1065,145270,5570,140910
2022-07-08,5020,404990,4775,396690,4540,400760,5710,395400,4410,377190,5460,365550,5800,357120,4275,357250,4505,348950,4870,350520,5140,334890,4660,338100,5290,330590,7790,293940,4560,204210,7790,088260,1075,145270,5570,140910
2022-07-07,5000,404990,4700,396690,4540,400760,5690,395400,4425,377190,5560,365550,5800,357120,4275,357250,4515,348950,4850,350520,5180,334890,4650,338100,5350,330590,7790,293940,4540,204210,7790,088260,1055,145270,5580,140910
2022-07-06,4965,404990,4630,396690,4535,400760,5590,395400,4430,377190,5600,365550,5790,357120,4275,357250,4530,348950,4755,350520,5140,334890,4630,338100,5400,330590,7790,293940,4525,204210,7790,088260,1040,145270,5600,140910
2022-07-05,4950,404990,4715,396690,4555,400760,5580,395400,4545,377190,5750,365550,5840,357120,4290,357250,4685,348950,4815,350520,5140,334890,4620,338100,5420,330590,7820,293940,4655,204210,7820,088260,1065,145270,5590,140910
2022-07-04,4810,404990,4670,396690,4525,400760,5490,395400,4540,377190,5480,365550,5720,357120,4260,357250,4595,348950,4825,350520,5050,334890,4575,338100,5270,330590,7620,293940,4690,204210,7620,088260,1035,145270,5560,140910
2022-07-01,4885,404990,4875,396690,4785,400760,5730,395400,4615,377190,5650,365550,5800,357120,4275,357250,4705,348950,4960,350520,5160,334890,4600,338100,5330,330590,7670,293940,4885,204210,7670,088260,1080,145270,5680,140910
2022-06-30,4905,404990,4925,396690,4890,400760,5750,395400,4725,377190,5630,365550,5810,357120,4305,357250,4850,348950,5040,350520,5260,334890,4635,338100,5370,330590,7670,293940,4925,204210,7670,088260,1095,145270,5600,140910
2022-06-29,4995,404990,5010,396690,4920,400760,6060,395400,4835,377190,5620,365550,5870,357120,4365,357250,4990,348950,5150,350520,5330,334890,4660,338100,5480,330590,7710,293940,4980,204210,7710,088260,1115,145270,5860,140910
2022-06-28,5160,404990,5230,396690,5030,400760,6210,395400,4875,377190,5800,365550,5940,357120,4435,357250,5210,348950,5210,350520,5390,334890,4670,338100,5650,330590,7720,293940,4995,204210,7720,088260,1130,145270,5860,140910
2022-06-27,5120,404990,5150,396690,5020,400760,6060,395400,4870,377190,5870,365550,5960,357120,4480,357250,5290,348950,5280,350520,5400,334890,4685,338100,5630,330590,7710,293940,4960,204210,7710,088260,1130,145270,5940,140910
2022-06-24,5090,404990,5020,396690,4945,400760,5910,395400,4840,377190,5720,365550,5890,357120,4400,357250,5170,348950,5180,350520,5210,334890,4630,338100,5530,330590,7680,293940,4960,204210,7680,088260,1100,145270,5900,140910
2022-06-23,4990,404990,4930,396690,4940,400760,5790,395400,4860,377190,5480,365550,5680,357120,4360,357250,5140,348950,5130,350520,5190,334890,4580,338100,5430,330590,7490,293940,4950,204210,7490,088260,1060,145270,5490,140910
2022-06-22,4990,404990,5110,396690,5030,400760,5980,395400,4870,377190,5600,365550,5710,357120,4490,357250,5170,348950,5180,350520,5270,334890,4630,338100,5540,330590,7590,293940,4990,204210,7590,088260,1085,145270,5710,140910
2022-06-21,5170,404990,5240,396690,5130,400760,6210,395400,4975,377190,5600,365550,5980,357120,4575,357250,5290,348950,5220,350520,5450,334890,4740,338100,5660,330590,7770,293940,5010,204210,7770,088260,1150,145270,5900,140910
2022-06-20,5110,404990,5310,396690,5130,400760,6220,395400,5000,377190,5610,365550,5990,357120,4580,357250,5240,348950,5300,350520,5500,334890,4725,338100,5720,330590,7780,293940,5140,204210,7780,088260,1130,145270,5750,140910
2022-06-17,5290,404990,5630,396690,5250,400760,6640,395400,5130,377190,5900,365550,6000,357120,4735,357250,5340,348950,5400,350520,5610,334890,4910,338100,6000,330590,7820,293940,5210,204210,7820,088260,1190,145270,5970,140910
2022-06-16,5220,404990,5630,396690,5260,400760,6670,395400,5190,377190,6050,365550,6200,357120,4800,357250,5400,348950,5510,350520,5710,334890,4945,338100,6010,330590,7840,293940,5270,204210,7840,088260,1225,145270,6150,140910
2022-06-15,5180,404990,5560,396690,5260,400760,6630,395400,5190,377190,6200,365550,6180,357120,4790,357250,5450,348950,5520,350520,5710,334890,4915,338100,5990,330590,7830,293940,5270,204210,7830,088260,1220,145270,6020,140910
2022-06-14,5300,404990,5690,396690,5290,400760,6720,395400,5200,377190,6270,365550,6280,357120,4875,357250,5500,348950,5570,350520,5800,334890,4950,338100,5990,330590,7900,293940,5260,204210,7900,088260,1250,145270,6140,140910
2022-06-13,5410,404990,5850,396690,5330,400760,6770,395400,5220,377190,6540,365550,6390,357120,4860,357250,5590,348950,5660,350520,5870,334890,5000,338100,6000,330590,7890,293940,5250,204210,7890,088260,1245,145270,6300,140910
2022-06-10,5380,404990,6020,396690,5370,400760,6910,395400,5270,377190,6530,365550,6470,357120,4915,357250,5730,348950,5750,350520,5970,334890,5010,338100,6060,330590,8010,293940,5330,204210,8010,088260,1315,145270,6610,140910
2022-06-09,5610,404990,6110,396690,5400,400760,7010,395400,5310,377190,6750,365550,6580,357120,4905,357250,5680,348950,5820,350520,5980,334890,4995,338100,6130,330590,8020,293940,5330,204210,8020,088260,1325,145270,6800,140910
2022-06-08,5670,404990,6200,396690,5410,400760,7060,395400,5320,377190,6740,365550,6580,357120,4915,357250,5680,348950,5830,350520,6080,334890,4980,338100,6130,330590,8020,293940,5330,204210,8020,088260,1340,145270,6830,140910
2022-06-07,5680,404990,6330,396690,5400,400760,6990,395400,5330,377190,6780,365550,6590,357120,4930,357250,5680,348950,5850,350520,6090,334890,4990,338100,6100,330590,8020,293940,5290,204210,8020,088260,1305,145270,6820,140910
2022-06-03,5670,404990,6350,396690,5410,400760,6960,395400,5340,377190,6800,365550,6600,357120,4945,357250,5700,348950,5850,350520,6110,334890,4995,338100,6090,330590,7990,293940,5320,204210,7990,088260,1325,145270,6830,140910
2022-06-02,5690,404990,6640,396690,5390,400760,6950,395400,5350,377190,6860,365550,6610,357120,4945,357250,5660,348950,5810,350520,6070,334890,4980,338100,6060,330590,8000,293940,5290,204210,8000,088260,1345,145270,6800,140910
2022-05-31,5680,404990,6650,396690,5380,400760,6890,395400,5330,377190,6770,365550,6590,357120,4960,357250,5650,348950,5780,350520,6040,334890,4980,338100,6020,330590,7990,293940,5300,204210,7990,088260,1345,145270,6740,140910
2022-05-30,5680,404990,6470,396690,5340,400760,7000,395400,5330,377190,6890,365550,6580,357120,4960,357250,5690,348950,5760,350520,6010,334890,5000,338100,5990,330590,7950,293940,5270,204210,7950,088260,1370,145270,6620,140910
2022-05-27,5660,404990,6490,396690,5320,400760,7180,395400,5330,377190,7030,365550,6730,357120,5060,357250,5680,348950,5750,350520,5960,334890,5100,338100,5990,330590,7960,293940,5280,204210,7960,088260,1360,145270,6510,140910
2022-05-26,5660,404990,6590,396690,5310,400760,7280,395400,5330,377190,6810,365550,6820,357120,5060,357250,5670,348950,5790,350520,6000,334890,5090,338100,5990,330590,7950,293940,5330,204210,7950,088260,1380,145270,6490,140910
2022-05-25,5580,404990,6470,396690,5320,400760,7210,395400,5320,377190,6770,365550,6730,357120,5070,357250,5630,348950,5730,350520,5960,334890,5080,338100,5890,330590,7930,293940,5300,204210,7930,088260,1385,145270,6570,140910
2022-05-24,5500,404990,6350,396690,5300,400760,7160,395400,5320,377190,6710,365550,6640,357120,5060,357250,5560,348950,5650,350520,5910,334890,5030,338100,5830,330590,7870,293940,5290,204210,7870,088260,1385,145270,6720,140910
2022-05-23,5490,404990,6330,396690,5300,400760,7080,395400,5320,377190,6650,365550,6550,357120,5060,357250,5540,348950,5630,350520,5860,334890,4980,338100,5830,330590,7830,293940,5290,204210,7830,088260,1405,145270,6820,140910
2022-05-20,5510,404990,6320,396690,5300,400760,7040,395400,5310,377190,6790,365550,6510,357120,5050,357250,5580,348950,5650,350520,5930,334890,4960,338100,5830,330590,7830,293940,5280,204210,7830,088260,1430,145270,6870,140910
2022-05-19,5500,404990,6260,396690,5280,400760,6960,395400,5290,377190,6830,365550,6510,357120,5030,357250,5540,348950,5600,350520,5860,334890,4925,338100,5770,330590,7720,293940,5290,204210,7720,088260,1430,145270,6870,140910
2022-05-18,5520,404990,6360,396690,5300,400760,7020,395400,5300,377190,6800,365550,6570,357120,5030,357250,5630,348950,5610,350520,5840,334890,4955,338100,5820,330590,7650,293940,5290,204210,7650,088260,1440,145270,6990,140910
2022-05-17,5500,404990,6370,396690,5380,400760,6990,395400,5340,377190,6850,365550,6600,357120,5050,357250,5630,348950,5660,350520,5900,334890,4970,338100,5810,330590,7650,293940,5290,204210,7650,088260,1440,145270,7090,140910
2022-05-16,5490,404990,6340,396690,5390,400760,7040,395400,5340,377190,6920,365550,6590,357120,5060,357250,5690,348950,5720,350520,5930,334890,4975,338100,5800,330590,7730,293940,5310,204210,7730,088260,1460,145270,7200,140910
2022-05-13,5410,404990,6270,396690,5370,400760,6920,395400,5320,377190,6860,365550,6630,357120,5060,357250,5630,348950,5730,350520,5880,334890,4960,338100,5780,330590,7740,293940,5330,204210,7740,088260,1500,145270,7350,140910
2022-05-12,5270,404990,6150,396690,5330,400760,6800,395400,5340,377190,6670,365550,6570,357120,5040,357250,5580,348950,5730,350520,5860,334890,4980,338100,5750,330590,7770,293940,5320,204210,7770,088260,1390,145270,7300,140910
2022-05-11,5480,404990,6170,396690,5340,400760,6770,395400,5350,377190,6700,365550,6600,357120,5040,357250,5680,348950,5820,350520,5810,334890,5000,338100,5820,330590,7760,293940,5310,204210,7760,088260,1400,145270,7540,140910
2022-05-10,5470,404990,6030,396690,5340,400760,6700,395400,5340,377190,6620,365550,6540,357120,5060,357250,5680,348950,5760,350520,5920,334890,4965,338100,5760,330590,7720,293940,5270,204210,7720,088260,1425,145270,7540,140910
2022-05-09,5460,404990,6070,396690,5360,400760,6950,395400,5320,377190,6820,365550,6760,357120,5040,357250,5710,348950,5820,350520,6020,334890,4980,338100,5770,330590,7630,293940,5210,204210,7630,088260,1405,145270,7610,140910
2022-05-06,5500,404990,6150,396690,5350,400760,6950,395400,5360,377190,6940,365550,6880,357120,5050,357250,5710,348950,5870,350520,6010,334890,5020,338100,5750,330590,7740,293940,5140,204210,7740,088260,1450,145270,7770,140910
2022-05-04,5590,404990,6050,396690,5340,400760,6930,395400,5350,377190,6980,365550,6860,357120,5080,357250,5730,348950,5870,350520,6040,334890,5030,338100,5800,330590,7820,293940,5160,204210,7820,088260,1460,145270,7790,140910
2022-05-03,5640,404990,6230,396690,5370,400760,7050,395400,5380,377190,6980,365550,7010,357120,5090,357250,5780,348950,5920,350520,6080,334890,5030,338100,5840,330590,7930,293940,5200,204210,7930,088260,1480,145270,7780,140910
2022-05-02,5730,404990,6450,396690,5450,400760,7130,395400,5390,377190,7200,365550,7180,357120,5090,357250,5890,348950,6030,350520,6250,334890,5100,338100,5960,330590,7960,293940,5260,204210,7960,088260,1495,145270,7720,140910
2022-04-29,5740,404990,6700,396690,5500,400760,7180,395400,5410,377190,7330,365550,7200,357120,5100,357250,5880,348950,6020,350520,6230,334890,5090,338100,5940,330590,7970,293940,5300,204210,7970,088260,1510,145270,7690,140910
2022-04-28,5740,404990,6600,396690,5480,400760,6960,395400,5400,377190,7130,365550,7080,357120,5100,357250,5850,348950,6050,350520,6150,334890,5070,338100,5870,330590,7900,293940,5250,204210,7900,088260,1500,145270,7660,140910
2022-04-27,5740,404990,6820,396690,5500,400760,7190,395400,5420,377190,7200,365550,7260,357120,5080,357250,5880,348950,6090,350520,6200,334890,5090,338100,5980,330590,7950,293940,5220,204210,7950,088260,1505,145270,7670,140910
2022-04-26,5690,404990,6840,396690,5530,400760,7090,395400,5410,377190,7290,365550,7300,357120,5100,357250,5900,348950,6080,350520,6190,334890,5150,338100,5990,330590,7940,293940,5250,204210,7940,088260,1530,145270,7730,140910
2022-04-25,5670,404990,6650,396690,5490,400760,7000,395400,5410,377190,7250,365550,7300,357120,5100,357250,5820,348950,6080,350520,6140,334890,5180,338100,6000,330590,8060,293940,5270,204210,8060,088260,1475,145270,7710,140910
2022-04-22,5570,404990,6470,396690,5490,400760,6910,395400,5410,377190,7230,365550,7270,357120,5100,357250,5800,348950,6080,350520,6220,334890,5190,338100,5990,330590,8020,293940,5300,204210,8020,088260,1510,145270,7760,140910
2022-04-21,5500,404990,6390,396690,5470,400760,6880,395400,5410,377190,7200,365550,7150,357120,5100,357250,5810,348950,6070,350520,6220,334890,5180,338100,5920,330590,8000,293940,5280,204210,8000,088260,1520,145270,7770,140910
2022-04-20,5480,404990,6320,396690,5460,400760,6810,395400,5410,377190,7290,365550,7090,357120,5100,357250,5820,348950,6070,350520,6110,334890,5150,338100,5900,330590,7970,293940,5290,204210,7970,088260,1510,145270,7820,140910
2022-04-19,5450,404990,6320,396690,5440,400760,6790,395400,5400,377190,7180,365550,6950,357120,5080,357250,5790,348950,6030,350520,6110,334890,5140,338100,5890,330590,7910,293940,5290,204210,7910,088260,1510,145270,7800,140910
2022-04-18,5460,404990,6410,396690,5430,400760,6750,395400,5420,377190,7110,365550,6950,357120,5070,357250,5780,348950,6040,350520,6200,334890,5170,338100,5850,330590,7960,293940,5290,204210,7960,088260,1510,145270,7990,140910
2022-04-15,5480,404990,6430,396690,5520,400760,6880,395400,5460,377190,7340,365550,7000,357120,5050,357250,6020,348950,6020,350520,6220,334890,5140,338100,5920,330590,7990,293940,5310,204210,7990,088260,1555,145270,8120,140910
2022-04-14,5410,404990,6180,396690,5470,400760,6720,395400,5400,377190,7130,365550,6900,357120,5030,357250,5810,348950,5870,350520,6170,334890,5050,338100,5800,330590,7930,293940,5240,204210,7930,088260,1605,145270,8060,140910
2022-04-13,5400,404990,6270,396690,5450,400760,6690,395400,5410,377190,7010,365550,6930,357120,5040,357250,5780,348950,5750,350520,6160,334890,5050,338100,5800,330590,7900,293940,5160,204210,7900,088260,1630,145270,8240,140910
2022-04-12,5360,404990,6360,396690,5380,400760,6690,395400,5380,377190,6960,365550,6900,357120,5030,357250,5770,348950,5700,350520,6130,334890,5030,338100,5750,330590,7810,293940,5180,204210,7810,088260,1585,145270,7780,140910
2022-04-11,5420,404990,6220,396690,5390,400760,6620,395400,5360,377190,6960,365550,6800,357120,5050,357250,5700,348950,5660,350520,6050,334890,5020,338100,5770,330590,7760,293940,5190,204210,7760,088260,1620,145270,7800,140910
2022-04-08,5370,404990,6140,396690,5380,400760,6510,395400,5350,377190,6940,365550,6800,357120,5020,357250,5690,348950,5680,350520,5990,334890,5020,338100,5740,330590,7760,293940,5230,204210,7760,088260,1625,145270,7850,140910
2022-04-07,5260,404990,5990,396690,5370,400760,6440,395400,5340,377190,6820,365550,6740,357120,5010,357250,5630,348950,5560,350520,5920,334890,4990,338100,5660,330590,7740,293940,5240,204210,7740,088260,1605,145270,7850,140910
2022-04-06,5270,404990,5990,396690,5350,400760,6400,395400,5290,377190,6670,365550,6610,357120,5000,357250,5590,348950,5520,350520,5900,334890,4990,338100,5640,330590,7790,293940,5230,204210,7790,088260,1640,145270,8170,140910
2022-04-05,5190,404990,5950,396690,5350,400760,6470,395400,5330,377190,6850,365550,6550,357120,4995,357250,5580,348950,5540,350520,5870,334890,5010,338100,5710,330590,7730,293940,5200,204210,7730,088260,1630,145270,8330,140910
2022-04-04,5210,404990,5950,396690,5370,400760,6480,395400,5350,377190,6960,365550,6490,357120,5020,357250,5590,348950,5540,350520,5870,334890,5000,338100,5770,330590,7560,293940,5120,204210,7560,088260,1640,145270,8130,140910
2022-04-01,5160,404990,5840,396690,5360,400760,6440,395400,5350,377190,6860,365550,6440,357120,5020,357250,5530,348950,5480,350520,5870,334890,4985,338100,5800,330590,7600,293940,4965,204210,7600,088260,1645,145270,7900,140910
2022-03-31,5120,404990,5830,396690,5330,400760,6440,395400,5340,377190,6980,365550,6530,357120,5000,357250,5570,348950,5440,350520,5900,334890,4980,338100,5790,330590,7610,293940,4895,204210,7610,088260,1645,145270,7850,140910
2022-03-30,5020,404990,5820,396690,5270,400760,6390,395400,5310,377190,6970,365550,6480,357120,5010,357250,5520,348950,5430,350520,5900,334890,4950,338100,5730,330590,7670,293940,4875,204210,7670,088260,1630,145270,7760,140910
2022-03-29,5020,404990,5760,396690,5250,400760,6440,395400,5390,377190,7020,365550,6460,357120,4995,357250,5470,348950,5410,350520,5890,334890,4920,338100,5690,330590,7820,293940,4870,204210,7820,088260,1610,145270,7560,140910
2022-03-28,5010,404990,5770,396690,5240,400760,6440,395400,5380,377190,6810,365550,6440,357120,5000,357250,5460,348950,5390,350520,5830,334890,4895,338100,5700,330590,7820,293940,4905,204210,7820,088260,1635,145270,7440,140910
2022-03-25,5010,404990,5710,396690,5240,400760,6420,395400,5380,377190,6820,365550,6460,357120,4990,357250,5470,348950,5400,350520,5880,334890,4930,338100,5700,330590,7830,293940,4910,204210,7830,088260,1595,145270,7340,140910
2022-03-24,5010,404990,5700,396690,5230,400760,6440,395400,5390,377190,6800,365550,6460,357120,4975,357250,5460,348950,5400,350520,5860,334890,4920,338100,5690,330590,7790,293940,4910,204210,7790,088260,1565,145270,7330,140910
2022-03-23,4990,404990,5690,396690,5230,400760,6450,395400,5400,377190,6750,365550,6510,357120,4965,357250,5430,348950,5400,350520,5830,334890,4895,338100,5640,330590,7780,293940,4815,204210,7780,088260,1555,145270,7390,140910
2022-03-22,5010,404990,5700,396690,5240,400760,6450,395400,5390,377190,6800,365550,6500,357120,4960,357250,5400,348950,5430,350520,5880,334890,4910,338100,5660,330590,7840,293940,4790,204210,7840,088260,1485,145270,7370,140910
2022-03-21,5000,404990,5700,396690,5230,400760,6390,395400,5390,377190,6630,365550,6520,357120,4965,357250,5380,348950,5410,350520,5900,334890,4925,338100,5590,330590,7820,293940,4795,204210,7820,088260,1490,145270,7340,140910
2022-03-18,4995,404990,5690,396690,5220,400760,6350,395400,5360,377190,6800,365550,6530,357120,4960,357250,5360,348950,5410,350520,5930,334890,4915,338100,5520,330590,7820,293940,4800,204210,7820,088260,1495,145270,7330,140910
2022-03-17,5000,404990,5660,396690,5220,400760,6350,395400,5380,377190,6720,365550,6440,357120,4930,357250,5360,348950,5400,350520,5900,334890,4890,338100,5630,330590,7800,293940,4820,204210,7800,088260,1490,145270,7300,140910
2022-03-16,4980,404990,5690,396690,5250,400760,6320,395400,5370,377190,6740,365550,6410,357120,4915,357250,5360,348950,5390,350520,5910,334890,4900,338100,5640,330590,7860,293940,4855,204210,7860,088260,1525,145270,7270,140910
2022-03-15,4985,404990,5700,396690,5240,400760,6320,395400,5360,377190,6680,365550,6440,357120,4920,357250,5370,348950,5400,350520,5890,334890,4910,338100,5610,330590,7840,293940,4880,204210,7840,088260,1510,145270,7170,140910
2022-03-14,4970,404990,5700,396690,5250,400760,6310,395400,5360,377190,6730,365550,6640,357120,4905,357250,5360,348950,5400,350520,5860,334890,4885,338100,5700,330590,7800,293940,4745,204210,7800,088260,1510,145270,7140,140910
2022-03-11,4945,404990,5700,396690,5250,400760,6460,395400,5360,377190,6730,365550,6760,357120,4910,357250,5370,348950,5390,350520,5820,334890,4875,338100,5690,330590,7800,293940,4745,204210,7800,088260,1530,145270,7190,140910
2022-03-10,4975,404990,5670,396690,5250,400760,6450,395400,5360,377190,6670,365550,6680,357120,4920,357250,5360,348950,5360,350520,5800,334890,4870,338100,5650,330590,7800,293940,4700,204210,7800,088260,1460,145270,7120,140910
2022-03-08,4995,404990,5700,396690,5240,400760,6410,395400,5350,377190,6600,365550,6650,357120,4910,357250,5350,348950,5370,350520,5780,334890,4870,338100,5610,330590,7770,293940,4565,204210,7770,088260,1430,145270,7030,140910
2022-03-07,4995,404990,5660,396690,5220,400760,6370,395400,5350,377190,6600,365550,6740,357120,4900,357250,5370,348950,5400,350520,5740,334890,4860,338100,5590,330590,7850,293940,4740,204210,7850,088260,1450,145270,7100,140910
2022-03-04,4990,404990,5690,396690,5230,400760,6310,395400,5350,377190,6550,365550,6780,357120,4900,357250,5380,348950,5380,350520,5790,334890,4875,338100,5600,330590,7950,293940,4795,204210,7950,088260,1500,145270,7130,140910
2022-03-03,4985,404990,5700,396690,5240,400760,6250,395400,5340,377190,6420,365550,6610,357120,4890,357250,5370,348950,5360,350520,5760,334890,4855,338100,5540,330590,7940,293940,4720,204210,7940,088260,1515,145270,7220,140910
2022-03-02,4970,404990,5700,396690,5230,400760,6220,395400,5340,377190,6320,365550,6520,357120,4895,357250,5390,348950,5340,350520,5790,334890,4840,338100,5490,330590,7940,293940,4665,204210,7940,088260,1625,145270,7210,140910
2022-02-28,4955,404990,5710,396690,5220,400760,6220,395400,5340,377190,6310,365550,6590,357120,4900,357250,5370,348950,5340,350520,5730,334890,4820,338100,5460,330590,7970,293940,4620,204210,7970,088260,1575,145270,7120,140910
2022-02-25,4960,404990,5680,396690,5210,400760,6230,395400,5400,377190,6200,365550,6540,357120,4875,357250,5380,348950,5340,350520,5750,334890,4825,338100,5500,330590,8030,293940,4590,204210,8030,088260,1555,145270,7170,140910
2022-02-24,4925,404990,5690,396690,5200,400760,6210,395400,5370,377190,6100,365550,6540,357120,4875,357250,5340,348950,5290,350520,5850,334890,4805,338100,5480,330590,8030,293940,4550,204210,8030,088260,1520,145270,7120,140910
2022-02-23,4955,404990,5700,396690,5220,400760,6210,395400,5370,377190,6080,365550,6540,357120,4885,357250,5380,348950,5350,350520,5830,334890,4830,338100,5480,330590,8040,293940,4800,204210,8040,088260,1555,145270,7320,140910
2022-02-22,4940,404990,5680,396690,5210,400760,6190,395400,5390,377190,6050,365550,6540,357120,4885,357250,5350,348950,5360,350520,5840,334890,4820,338100,5500,330590,8030,293940,4800,204210,8030,088260,1555,145270,7300,140910
2022-02-21,4935,404990,5670,396690,5230,400760,6200,395400,5370,377190,6070,365550,6540,357120,4910,357250,5390,348950,5390,350520,5890,334890,4840,338100,5510,330590,8040,293940,4810,204210,8040,088260,1545,145270,7470,140910
2022-02-18,4955,404990,5680,396690,5200,400760,6200,395400,5390,377190,6110,365550,6540,357120,4895,357250,5370,348950,5400,350520,5890,334890,4845,338100,5500,330590,8020,293940,4900,204210,8020,088260,1525,145270,7460,140910
2022-02-17,4985,404990,5690,396690,5180,400760,6200,395400,5370,377190,6090,365550,6500,357120,4885,357250,5340,348950,5390,350520,5880,334890,4830,338100,5450,330590,8020,293940,5030,204210,8020,088260,1455,145270,7440,140910
2022-02-16,4990,404990,5680,396690,5160,400760,6200,395400,5370,377190,6050,365550,6530,357120,4880,357250,5310,348950,5370,350520,5850,334890,4820,338100,5420,330590,8080,293940,5030,204210,8080,088260,1480,145270,7480,140910
2022-02-15,4980,404990,5660,396690,5130,400760,6190,395400,5350,377190,6030,365550,6510,357120,4875,357250,5270,348950,5360,350520,5830,334890,4805,338100,5380,330590,8080,293940,5040,204210,8080,088260,1435,145270,7400,140910
2022-02-14,4960,404990,5650,396690,5130,400760,6190,395400,5340,377190,6070,365550,6570,357120,4875,357250,5290,348950,5310,350520,5820,334890,4825,338100,5370,330590,8080,293940,5030,204210,8080,088260,1455,145270,7460,140910
2022-02-11,4955,404990,5630,396690,5140,400760,6190,395400,5330,377190,6060,365550,6580,357120,4880,357250,5300,348950,5300,350520,5850,334890,4825,338100,5400,330590,8090,293940,5030,204210,8090,088260,1460,145270,7690,140910
2022-02-10,4915,404990,5700,396690,5140,400760,6160,395400,5300,377190,6050,365550,6570,357120,4880,357250,5300,348950,5320,350520,5820,334890,4820,338100,5360,330590,8140,293940,5030,204210,8140,088260,1450,145270,7740,140910
2022-02-09,4885,404990,5700,396690,5120,400760,6150,395400,5260,377190,6030,365550,6530,357120,4860,357250,5280,348950,5320,350520,5800,334890,4800,338100,5330,330590,8060,293940,5030,204210,8060,088260,1465,145270,7740,140910
2022-02-08,4845,404990,5670,396690,5100,400760,6150,395400,5270,377190,6050,365550,6440,357120,4810,357250,5270,348950,5300,350520,5700,334890,4740,338100,5320,330590,8060,293940,5030,204210,8060,088260,1430,145270,7590,140910
2022-02-07,4840,404990,5670,396690,5110,400760,6140,395400,5310,377190,6170,365550,6450,357120,4830,357250,5290,348950,5290,350520,5680,334890,4675,338100,5320,330590,8060,293940,5030,204210,8060,088260,1275,145270,7580,140910
2022-02-04,4800,404990,5590,396690,5090,400760,6130,395400,5260,377190,6140,365550,6430,357120,4835,357250,5280,348950,5250,350520,5650,334890,4675,338100,5260,330590,8050,293940,5060,204210,8050,088260,1265,145270,7590,140910
2022-02-03,4805,404990,5550,396690,5110,400760,6130,395400,5230,377190,6150,365550,6230,357120,4820,357250,5250,348950,5220,350520,5650,334890,4640,338100,5210,330590,8060,293940,5030,204210,8060,088260,1265,145270,7590,140910
2022-01-28,4740,404990,5490,396690,5060,400760,6060,395400,5210,377190,5820,365550,6230,357120,4810,357250,5230,348950,5170,350520,5620,334890,4590,338100,5180,330590,8050,293940,4950,204210,8050,088260,1240,145270,7470,140910
2022-01-27,4705,404990,5420,396690,5040,400760,6050,395400,5180,377190,5810,365550,6250,357120,4775,357250,5190,348950,5130,350520,5650,334890,4565,338100,5140,330590,8050,293940,4930,204210,8050,088260,1200,145270,7410,140910
2022-01-26,4760,404990,5460,396690,5090,400760,6060,395400,5180,377190,5940,365550,6310,357120,4800,357250,5250,348950,5170,350520,5660,334890,4610,338100,5190,330590,8040,293940,5000,204210,8040,088260,1240,145270,7460,140910
2022-01-25,4785,404990,5440,396690,5080,400760,6070,395400,5180,377190,6000,365550,6330,357120,4790,357250,5230,348950,5120,350520,5580,334890,4620,338100,5180,330590,8040,293940,4915,204210,8040,088260,1230,145270,7310,140910
2022-01-24,4815,404990,5460,396690,5130,400760,6090,395400,5250,377190,6050,365550,6370,357120,4805,357250,5300,348950,5150,350520,5660,334890,4670,338100,5290,330590,8070,293940,4910,204210,8070,088260,1285,145270,7550,140910
2022-01-21,4820,404990,5380,396690,5130,400760,6090,395400,5300,377190,6160,365550,6460,357120,4800,357250,5310,348950,5170,350520,5730,334890,4695,338100,5340,330590,8060,293940,4970,204210,8060,088260,1315,145270,7840,140910
2022-01-20,4790,404990,5330,396690,5130,400760,6090,395400,5280,377190,6150,365550,6460,357120,4805,357250,5260,348950,5160,350520,5660,334890,4700,338100,5280,330590,8060,293940,4960,204210,8060,088260,1315,145270,7770,140910
2022-01-19,4805,404990,5300,396690,5090,400760,6100,395400,5280,377190,6100,365550,6500,357120,4820,357250,5280,348950,5200,350520,5660,334890,4705,338100,5300,330590,8050,293940,4855,204210,8050,088260,1300,145270,7780,140910
2022-01-18,4805,404990,5320,396690,5070,400760,6130,395400,5300,377190,6200,365550,6570,357120,4850,357250,5320,348950,5210,350520,5650,334890,4710,338100,5380,330590,8040,293940,4815,204210,8040,088260,1300,145270,8000,140910
2022-01-17,4795,404990,5320,396690,5060,400760,6120,395400,5290,377190,6210,365550,6600,357120,4855,357250,5340,348950,5220,350520,5650,334890,4695,338100,5390,330590,8040,293940,4740,204210,8040,088260,1335,145270,7900,140910
2022-01-14,4880,404990,5370,396690,5110,400760,6110,395400,5310,377190,6210,365550,6590,357120,4870,357250,5350,348950,5220,350520,5670,334890,4705,338100,5400,330590,8040,293940,4760,204210,8040,088260,1355,145270,7950,140910
2022-01-13,4880,404990,5390,396690,5150,400760,6110,395400,5310,377190,6140,365550,6600,357120,4870,357250,5360,348950,5240,350520,5650,334890,4725,338100,5420,330590,8020,293940,4765,204210,8020,088260,1360,145270,8040,140910
2022-01-12,4900,404990,5380,396690,5180,400760,6120,395400,5340,377190,6240,365550,6590,357120,4870,357250,5390,348950,5220,350520,5710,334890,4705,338100,5440,330590,8030,293940,4760,204210,8030,088260,1370,145270,8430,140910
2022-01-11,4920,404990,5380,396690,5180,400760,6090,395400,5350,377190,6220,365550,6570,357120,4870,357250,5380,348950,5220,350520,5690,334890,4685,338100,5470,330590,8020,293940,4760,204210,8020,088260,1365,145270,8450,140910
2022-01-10,4930,404990,5430,396690,5150,400760,6110,395400,5340,377190,6210,365550,6560,357120,4860,357250,5360,348950,5250,350520,5740,334890,4735,338100,5470,330590,8010,293940,4755,204210,8010,088260,1370,145270,8500,140910
2022-01-07,4975,404990,5450,396690,5170,400760,6190,395400,5370,377190,6320,365550,6570,357120,4860,357250,5350,348950,5270,350520,5740,334890,4755,338100,5490,330590,8000,293940,4710,204210,8000,088260,1400,145270,8760,140910
2022-01-06,4980,404990,5450,396690,5170,400760,6140,395400,5340,377190,6210,365550,6620,357120,4860,357250,5320,348950,5260,350520,5750,334890,4755,338100,5500,330590,8030,293940,4665,204210,8030,088260,1400,145270,8660,140910
2022-01-05,4970,404990,5470,396690,5190,400760,6160,395400,5390,377190,6290,365550,6570,357120,4855,357250,5320,348950,5260,350520,5790,334890,4770,338100,5500,330590,8030,293940,4705,204210,8030,088260,1420,145270,8750,140910
2022-01-04,4985,404990,5490,396690,5190,400760,6150,395400,5380,377190,6270,365550,6530,357120,4860,357250,5330,348950,5240,350520,5760,334890,4765,338100,5460,330590,8010,293940,4800,204210,8010,088260,1410,145270,8800,140910
2022-01-03,4980,404990,5490,396690,5200,400760,6220,395400,5390,377190,6350,365550,6520,357120,4850,357250,5350,348950,5230,350520,5870,334890,4775,338100,5520,330590,8020,293940,4830,204210,8020,088260,1415,145270,8710,140910
